Facility ID,Facility Name,State,Region,Hospital Ownership,Hospital Type,Experience_Star,Readmission_Rate,HAI_SIR_Avg,MSPB,Quality,Value_Score,Focus_Flag
330395,ST JOHN'S EPISCOPAL HOSPITAL AT SOUTH SHORE,NY,Northeast,Voluntary non-profit - Private,Acute Care Hospitals,1.0,18.2,1.02925,1.16,39.65063087518223,34.18157834067434,High spend / low experience
450694,EL CAMPO MEMORIAL HOSPITAL,TX,South,Voluntary non-profit - Other,Acute Care Hospitals,1.0,14.7,,1.13,40.26315789473685,35.63111318118305,High spend / low experience
310083,CAREWELL HEALTH MEDICAL CENTER,NJ,Northeast,Proprietary,Acute Care Hospitals,1.0,16.1,0.9115,1.29,49.453073945609,38.3357162369062,High spend / low experience
100029,NORTH SHORE MEDICAL CENTER,FL,South,Proprietary,Acute Care Hospitals,1.0,17.5,0.6555000000000001,1.14,44.59960790227719,39.12246307217298,High spend / low experience
330006,ST JOSEPH'S MEDICAL CENTER,NY,Northeast,Voluntary non-profit - Private,Acute Care Hospitals,1.0,15.2,0.9250000000000002,1.26,53.332579299250995,42.32744388829444,High spend / low experience
330019,"NEW YORK COMMUNITY HOSPITAL OF BROOKLYN, INC.",NY,Northeast,Voluntary non-profit - Private,Acute Care Hospitals,1.0,16.8,0.37633333333333335,1.15,49.073124549674084,42.672282217107906,High spend / low experience
190086,NORTHERN LOUISIANA MEDICAL CENTER,LA,South,Proprietary,Acute Care Hospitals,1.0,14.7,0.73,1.32,56.50580606243403,42.8074288351773,High spend / low experience
140068,ROSELAND COMMUNITY HOSPITAL,IL,Midwest,Voluntary non-profit - Private,Acute Care Hospitals,1.0,15.9,1.17,1.13,49.03081485949832,43.390101645573736,High spend / low experience
310092,CAPITAL HEALTH REGIONAL MEDICAL CENTER,NJ,Northeast,Voluntary non-profit - Private,Acute Care Hospitals,1.0,15.6,0.5856,1.2,53.2843211179812,44.403600931651,High spend / low experience
330056,BROOKLYN HOSPITAL CENTER - DOWNTOWN CAMPUS,NY,Northeast,Voluntary non-profit - Other,Acute Care Hospitals,1.0,16.4,0.5986,1.11,49.710199567687134,44.78396357449291,High spend / low experience
100224,UNIVERSITY HOSPITAL AND MEDICAL CENTER,FL,South,Proprietary,Acute Care Hospitals,1.0,16.3,0.20125,1.16,52.14623234303523,44.9536485715821,High spend / low experience
310040,CAREPOINT HEALTH-HOBOKEN UNIVERSITY MEDICAL CENTER,NJ,Northeast,Voluntary non-profit - Church,Acute Care Hospitals,1.0,14.9,1.2405,1.17,53.06238375307897,45.352464746221344,High spend / low experience
310016,HEIGHTS UNIVERSITY HOSPITAL,NJ,Northeast,Voluntary non-profit - Church,Acute Care Hospitals,2.0,14.8,2.2726666666666664,1.2,54.97905460882387,45.815878840686565,High spend / low experience
310025,CAREPOINT HEALTH - BAYONNE MEDICAL CENTER,NJ,Northeast,Voluntary non-profit - Private,Acute Care Hospitals,1.0,15.7,0.0,1.18,55.78947368421053,47.279214986619095,High spend / low experience
450222,HCA HOUSTON HEALTHCARE CONROE,TX,South,Proprietary,Acute Care Hospitals,2.0,16.9,0.4772,1.15,54.794148695521045,47.64708582219222,High spend / low experience
100050,LARKIN COMMUNITY HOSPITAL PALM SPRINGS CAMPUS,FL,South,Voluntary non-profit - Private,Acute Care Hospitals,2.0,14.7,1.1380000000000001,1.26,61.12150002513448,48.50912700407498,High spend / low experience
290021,VALLEY HOSPITAL MEDICAL CENTER,NV,West,Proprietary,Acute Care Hospitals,2.0,16.9,0.4208,1.13,55.077665510481076,48.741296911930164,High spend / low experience
450651,MEDICAL CITY PLANO,TX,South,Proprietary,Acute Care Hospitals,2.0,16.5,0.48566666666666664,1.11,56.50597362556343,50.906282545552635,High spend / low experience
100183,CORAL GABLES HOSPITAL,FL,South,Proprietary,Acute Care Hospitals,2.0,15.8,0.486,1.17,59.57447343286583,50.91835336142379,High spend / low experience
670053,ST LUKE'S SUGAR LAND HOSPITAL,TX,South,Voluntary non-profit - Private,Acute Care Hospitals,2.0,15.5,0.7362500000000001,1.16,59.63228271251194,51.407140269406845,High spend / low experience
250084,MERIT HEALTH NATCHEZ,MS,South,Proprietary,Acute Care Hospitals,2.0,15.5,0.5785,1.17,60.42527522244006,51.6455343781539,High spend / low experience
140275,GENESIS HLTH SYSTEM DBA GENESIS MDL CTR-ILLINI,IL,Midwest,Government - Local,Acute Care Hospitals,2.0,14.9,1.71,1.11,57.3689237420198,51.68371508290072,High spend / low experience
330184,MONTEFIORE NEW ROCHELLE HOSPITAL,NY,Northeast,Voluntary non-profit - Private,Acute Care Hospitals,2.0,15.3,1.2545,1.11,57.904287940481574,52.166025171605014,High spend / low experience
310009,CLARA MAASS MEDICAL CENTER,NJ,Northeast,Voluntary non-profit - Private,Acute Care Hospitals,2.0,16.1,0.22879999999999998,1.14,59.5516010657015,52.238246548860964,High spend / low experience
450730,CARROLLTON REGIONAL MEDICAL CENTER,TX,South,Proprietary,Acute Care Hospitals,2.0,16.5,0.0775,1.12,58.5577841451767,52.28373584390776,High spend / low experience
290003,SUNRISE HOSPITAL AND MEDICAL CENTER,NV,West,Proprietary,Acute Care Hospitals,2.0,15.4,0.3481666666666667,1.18,62.021732937884344,52.560790625325716,High spend / low experience
100053,HIALEAH HOSPITAL,FL,South,Proprietary,Acute Care Hospitals,2.0,15.8,0.01975,1.17,61.918262705474284,52.92159205596093,High spend / low experience
360172,MERCY REGIONAL MEDICAL CENTER,OH,Midwest,Voluntary non-profit - Private,Acute Care Hospitals,2.0,15.3,0.46825,1.16,61.85668325541648,53.32472694432455,High spend / low experience
390137,WILKES-BARRE GENERAL HOSPITAL,PA,Northeast,Proprietary,Acute Care Hospitals,2.0,15.0,0.37320000000000003,1.18,63.65027899261046,53.94091440051734,High spend / low experience
450097,HCA HOUSTON HEALTHCARE SOUTHEAST,TX,South,Proprietary,Acute Care Hospitals,2.0,15.6,0.594,1.11,59.9087618760368,53.97185754597909,High spend / low experience
310119,THE UNIVERSITY HOSPITAL,NJ,Northeast,Government - State,Acute Care Hospitals,2.0,15.6,0.5778000000000001,1.11,59.99019755692958,54.04522302426088,High spend / low experience
450330,OAKBEND MEDICAL CENTER,TX,South,Government - Hospital District or Authority,Acute Care Hospitals,2.0,16.1,0.0,1.12,60.701754385964904,54.19799498746866,High spend / low experience
310041,COMMUNITY MEDICAL CENTER,NJ,Northeast,Voluntary non-profit - Private,Acute Care Hospitals,2.0,15.7,0.23533333333333337,1.13,61.273144657249624,54.22402182057489,High spend / low experience
100086,BROWARD HEALTH NORTH,FL,South,Government - Hospital District or Authority,Acute Care Hospitals,2.0,15.7,0.4298,1.11,60.29558136027748,54.320343567817545,High spend / low experience
290005,NORTH VISTA HOSPITAL,NV,West,Voluntary non-profit - Private,Acute Care Hospitals,2.0,15.8,0.012,1.14,61.957221133061886,54.34843959040517,High spend / low experience
330086,MONTEFIORE MOUNT VERNON HOSPITAL,NY,Northeast,Voluntary non-profit - Private,Acute Care Hospitals,2.0,14.9,0.0,1.21,65.96491228070175,54.51645643033203,High spend / low experience
100032,ORLANDO HEALTH BAYFRONT HOSPITAL,FL,South,Voluntary non-profit - Private,Acute Care Hospitals,2.0,15.8,0.2801666666666667,1.11,60.60917575696644,54.6028610423121,High spend / low experience
450092,FORT DUNCAN MEDICAL CENTER,TX,South,Proprietary,Acute Care Hospitals,2.0,15.0,0.0,1.2,65.52631578947368,54.60526315789474,High spend / low experience
390036,HERITAGE VALLEY BEAVER,PA,Northeast,Voluntary non-profit - Private,Acute Care Hospitals,2.0,14.5,1.0728,1.14,62.32644648871462,54.67232148132862,High spend / low experience
450670,HCA HOUSTON HEALTHCARE TOMBALL,TX,South,Proprietary,Acute Care Hospitals,2.0,15.6,0.2846,1.12,61.46408284321118,54.87864539572426,High spend / low experience
450082,CHRISTUS SPOHN HOSPITAL BEEVILLE,TX,South,Voluntary non-profit - Private,Acute Care Hospitals,2.0,15.4,0.0,1.16,63.771929824561404,54.975801572897765,High spend / low experience
390004,PENN STATE HEALTH HOLY SPIRIT MEDICAL CENTER,PA,Northeast,Voluntary non-profit - Private,Acute Care Hospitals,2.0,15.3,0.5591999999999999,1.11,61.39948725682401,55.31485338452613,High spend / low experience
310002,NEWARK BETH ISRAEL MEDICAL CENTER,NJ,Northeast,Voluntary non-profit - Private,Acute Care Hospitals,2.0,14.9,0.8628333333333332,1.11,61.62754067594966,55.52030691526996,High spend / low experience
450469,WILSON N JONES REGIONAL MEDICAL CENTER,TX,South,Proprietary,Acute Care Hospitals,2.0,14.6,0.427,1.15,65.13421806665662,56.63845049274489,High spend / low experience
310118,HUDSON REGIONAL HOSPITAL,NJ,Northeast,Proprietary,Acute Care Hospitals,2.0,15.3,0.18,1.11,63.30568541698085,57.03214902430707,High spend / low experience
310039,RARITAN BAY MEDICAL CENTER,NJ,Northeast,Voluntary non-profit - Private,Acute Care Hospitals,2.0,15.0,0.39180000000000004,1.11,63.556778766400235,57.25835924900922,High spend / low experience
450518,THE MEDICAL CENTER OF SOUTHEAST TEXAS,TX,South,Physician,Acute Care Hospitals,2.0,15.2,0.191,1.11,63.68898607550395,57.37746493288643,High spend / low experience
440033,LAFOLLETTE MEDICAL CENTER,TN,South,Voluntary non-profit - Church,Acute Care Hospitals,2.0,14.4,0.739,1.11,64.44302015784446,58.056774916976984,High spend / low experience
450209,NORTHWEST TEXAS HOSPITAL,TX,South,Voluntary non-profit - Private,Acute Care Hospitals,2.0,14.2,0.6436666666666667,1.13,65.79944369041037,58.22959618620387,High spend / low experience
390073,UPMC ALTOONA,PA,Northeast,Voluntary non-profit - Private,Acute Care Hospitals,2.0,14.5,0.4378,1.12,65.51852410395617,58.49868223567515,High spend / low experience
310027,TRINITAS REGIONAL MEDICAL CENTER,NJ,Northeast,Voluntary non-profit - Private,Acute Care Hospitals,2.0,14.3,0.10774999999999998,1.11,68.05484341225555,61.31066974077076,High spend / low experience
230071,STRAITH HOSPITAL FOR SPECIAL SURGERY,MI,Midwest,Voluntary non-profit - Private,Acute Care Hospitals,,18.5,,1.01,10.526315789473692,10.42209484106306,Low value (bottom 20%)
450641,NOCONA GENERAL HOSPITAL,TX,South,Government - Hospital District or Authority,Acute Care Hospitals,,15.9,,1.22,44.73684210526315,36.66954270923209,Low value (bottom 20%)
450370,COLUMBUS COMMUNITY HOSPITAL,TX,South,Voluntary non-profit - Private,Acute Care Hospitals,3.0,14.9,,1.42,58.94736842105263,41.51223128243143,Low value (bottom 20%)
230301,SURGEONS CHOICE MEDICAL CENTER,MI,Midwest,Proprietary,Acute Care Hospitals,,15.9,,1.06,44.73684210526315,42.20456802383316,Low value (bottom 20%)
250049,BEACHAM MEMORIAL HOSPITAL,MS,South,Proprietary,Acute Care Hospitals,,15.6,,1.15,48.684210526315795,42.33409610983983,Low value (bottom 20%)
450253,BELLVILLE MEDICAL CENTER,TX,South,Government - Hospital District or Authority,Acute Care Hospitals,,15.6,,1.13,48.684210526315795,43.083372147182125,Low value (bottom 20%)
370100,CHOCTAW MEMORIAL HOSPITAL,OK,South,Voluntary non-profit - Other,Acute Care Hospitals,,15.2,,1.25,53.947368421052644,43.15789473684212,Low value (bottom 20%)
180154,"PINEVILLE COMMUNITY HEALTH CENTER, INC",KY,South,Voluntary non-profit - Private,Acute Care Hospitals,,14.9,,1.33,57.89473684210525,43.52987732489117,Low value (bottom 20%)
180046,BOURBON COMMUNITY HOSPITAL,KY,South,Proprietary,Acute Care Hospitals,,15.2,,1.22,53.947368421052644,44.21915444348578,Low value (bottom 20%)
220073,BROWN UNIVERSITY HEALTH MORTON HOSPITAL,MA,Northeast,Proprietary,Acute Care Hospitals,1.0,16.7,1.26675,1.01,45.035690946564124,44.58979301640012,Low value (bottom 20%)
450235,MEMORIAL HOSPITAL,TX,South,Government - Hospital District or Authority,Acute Care Hospitals,,15.3,,1.17,52.63157894736841,44.984255510571295,Low value (bottom 20%)
330027,NASSAU UNIVERSITY MEDICAL CENTER,NY,Northeast,Government - State,Acute Care Hospitals,1.0,16.7,0.46825,1.09,49.049665711556834,44.99969331335489,Low value (bottom 20%)
190099,AVOYELLES HOSPITAL,LA,South,Proprietary,Acute Care Hospitals,,15.1,,1.22,55.26315789473685,45.297670405522005,Low value (bottom 20%)
100071,TAMPA GENERAL HOSPITAL BROOKSVILLE,FL,South,Voluntary non-profit - Church,Acute Care Hospitals,1.0,16.8,0.7577999999999999,1.04,47.155532096717444,45.34185778530523,Low value (bottom 20%)
190190,"CALDWELL MEMORIAL HOSPITAL, INC",LA,South,Proprietary,Acute Care Hospitals,,15.5,,1.1,50.0,45.45454545454545,Low value (bottom 20%)
190245,MONROE SURGICAL HOSPITAL,LA,South,Proprietary,Acute Care Hospitals,,15.2,,1.18,53.947368421052644,45.71810883140055,Low value (bottom 20%)
150102,NORTHWEST HEALTH - STARKE,IN,Midwest,Proprietary,Acute Care Hospitals,,15.5,,1.08,50.0,46.29629629629629,Low value (bottom 20%)
450775,HCA HOUSTON HEALTHCARE KINGWOOD,TX,South,Proprietary,Acute Care Hospitals,1.0,15.8,0.7588333333333335,1.1,51.536302551986466,46.85118413816951,Low value (bottom 20%)
190218,SABINE MEDICAL CENTER,LA,South,Proprietary,Acute Care Hospitals,,15.4,,1.09,51.315789473684205,47.07870593915982,Low value (bottom 20%)
670069,METHODIST MCKINNEY HOSPITAL,TX,South,Physician,Acute Care Hospitals,,15.4,,1.09,51.315789473684205,47.07870593915982,Low value (bottom 20%)
440183,ST FRANCIS HOSPITAL,TN,South,Proprietary,Acute Care Hospitals,1.0,16.3,0.7851666666666667,1.04,49.21094522361299,47.31821656116633,Low value (bottom 20%)
450108,CONNALLY MEMORIAL MEDICAL CENTER,TX,South,Government - Hospital District or Authority,Acute Care Hospitals,,15.3,,1.11,52.63157894736841,47.41583688952109,Low value (bottom 20%)
450241,FAITH COMMUNITY HOSPITAL,TX,South,Government - Hospital District or Authority,Acute Care Hospitals,,14.8,,1.24,59.21052631578946,47.7504244482173,Low value (bottom 20%)
330028,RICHMOND UNIVERSITY MEDICAL CENTER,NY,Northeast,Voluntary non-profit - Private,Acute Care Hospitals,1.0,16.2,1.0595,1.01,48.27049715980496,47.79257144535145,Low value (bottom 20%)
220175,METROWEST MEDICAL CENTER,MA,Northeast,Voluntary non-profit - Private,Acute Care Hospitals,1.0,15.8,1.1206666666666667,1.04,49.71740478225171,47.80519690601126,Low value (bottom 20%)
220080,HOLY FAMILY HOSPITAL,MA,Northeast,Proprietary,Acute Care Hospitals,1.0,15.8,0.8170000000000001,1.07,51.243904891167745,47.891499898287606,Low value (bottom 20%)
330194,MAIMONIDES MEDICAL CENTER,NY,Northeast,Voluntary non-profit - Private,Acute Care Hospitals,2.0,17.2,0.8936666666666667,1.07,51.384825483000725,48.023201385981984,Low value (bottom 20%)
370245,CLINTON REGIONAL HOSPITAL,OK,South,Government - Local,Acute Care Hospitals,,15.5,,1.04,50.0,48.07692307692307,Low value (bottom 20%)
230020,BEAUMONT HOSPITAL - DEARBORN,MI,Midwest,Voluntary non-profit - Private,Acute Care Hospitals,1.0,15.5,1.2025,1.05,50.62182677323682,48.211263593558876,Low value (bottom 20%)
440063,JOHNSON CITY MEDICAL CENTER,TN,South,Voluntary non-profit - Private,Acute Care Hospitals,1.0,15.5,1.0862,1.06,51.20645453174484,48.307975973344185,Low value (bottom 20%)
440238,HAYWOOD COUNTY COMMUNITY HOSPITAL,TN,South,Proprietary,Acute Care Hospitals,,15.4,,1.06,51.315789473684205,48.4111221449851,Low value (bottom 20%)
140049,WEST SUBURBAN MEDICAL CENTER,IL,Midwest,Voluntary non-profit - Other,Acute Care Hospitals,1.0,16.0,1.621,0.95,46.32508922736641,48.76325181828044,Low value (bottom 20%)
510093,MON HEALTH MARION,WV,South,Voluntary non-profit - Private,Acute Care Hospitals,,15.1,,1.13,55.26315789473685,48.9054494643689,Low value (bottom 20%)
100189,HCA FLORIDA NORTHWEST HOSPITAL,FL,South,Proprietary,Acute Care Hospitals,1.0,16.7,0.37966666666666665,1.01,49.49496472796127,49.00491557223888,Low value (bottom 20%)
390211,SHARON REGIONAL MEDICAL CENTER,PA,Northeast,Proprietary,Acute Care Hospitals,,15.7,,0.96,47.36842105263159,49.342105263157904,Low value (bottom 20%)
420019,MUSC HEALTH CHESTER MEDICAL CENTER,SC,South,Proprietary,Acute Care Hospitals,2.0,14.6,,1.03,50.921052631578945,49.43791517629024,Low value (bottom 20%)
150166,PINNACLE HOSPITAL,IN,Midwest,Physician,Acute Care Hospitals,,15.3,,1.06,52.63157894736841,49.65243296921548,Low value (bottom 20%)
450672,MEDICAL CITY FORT WORTH,TX,South,Proprietary,Acute Care Hospitals,2.0,16.9,0.6096,1.09,54.12858794550848,49.65925499587934,Low value (bottom 20%)
100236,HCA FLORIDA FAWCETT HOSPITAL,FL,South,Proprietary,Acute Care Hospitals,1.0,16.6,0.5094,0.99,49.28140551952947,49.77919749447421,Low value (bottom 20%)
190151,RICHARDSON MEDICAL CENTER,LA,South,Government - Hospital District or Authority,Acute Care Hospitals,,15.1,,1.11,55.26315789473685,49.786628733997155,Low value (bottom 20%)
140158,INSIGHT HOSPITAL AND MEDICAL CENTER CHICAGO,IL,Midwest,Voluntary non-profit - Private,Acute Care Hospitals,1.0,15.1,1.022,1.07,53.283567083898866,49.797726246634454,Low value (bottom 20%)
100284,KERALTY HOSPITAL,FL,South,Proprietary,Acute Care Hospitals,,16.3,0.05633333333333334,1.39,69.31206957221133,49.864798253389445,Low value (bottom 20%)
100187,PALMETTO GENERAL HOSPITAL,FL,South,Proprietary,Acute Care Hospitals,1.0,15.3,0.7324,1.08,53.86216256974816,49.87237274976681,Low value (bottom 20%)
390026,TEMPLE HEALTH - CHESTNUT HILL HOSPITAL,PA,Northeast,Voluntary non-profit - Private,Acute Care Hospitals,1.0,16.9,0.205,0.99,49.495802543608306,49.995760145058895,Low value (bottom 20%)
310057,VIRTUA MOUNT HOLLY HOSPITAL,NJ,Northeast,Voluntary non-profit - Private,Acute Care Hospitals,2.0,16.5,0.7691666666666667,1.1,55.080849209939835,50.07349928176348,Low value (bottom 20%)
360026,KETTERING HEALTH GREENE MEMORIAL,OH,Midwest,Voluntary non-profit - Private,Acute Care Hospitals,,15.6,,0.97,48.684210526315795,50.18990775908845,Low value (bottom 20%)
450597,CUERO REGIONAL HOSPITAL,TX,South,Government - Hospital District or Authority,Acute Care Hospitals,,14.6,,1.23,61.8421052631579,50.27813436029098,Low value (bottom 20%)
360367,LAKE HEALTH BEACHWOOD MEDICAL CENTER,OH,Midwest,Proprietary,Acute Care Hospitals,,15.2,,1.07,53.947368421052644,50.41810132808658,Low value (bottom 20%)
260070,PEMISCOT COUNTY MEMORIAL HOSPITAL,MO,Midwest,Voluntary non-profit - Other,Acute Care Hospitals,,15.5,,0.99,50.0,50.505050505050505,Low value (bottom 20%)
100258,DELRAY MEDICAL CENTER,FL,South,Proprietary,Acute Care Hospitals,1.0,16.0,0.5801999999999999,1.02,51.55708038003318,50.546157235326646,Low value (bottom 20%)
310044,CAPITAL HEALTH MEDICAL CENTER - HOPEWELL,NJ,Northeast,Voluntary non-profit - Private,Acute Care Hospitals,2.0,16.7,0.7501666666666668,1.07,54.29916721124684,50.74688524415592,Low value (bottom 20%)
330224,HEALTHALLIANCE HOSPITAL MARYS AVENUE CAMPUS,NY,Northeast,Voluntary non-profit - Private,Acute Care Hospitals,1.0,15.2,0.7298000000000001,1.07,54.31382898507013,50.76058783651414,Low value (bottom 20%)
220111,GOOD SAMARITAN MEDICAL CENTER,MA,Northeast,Proprietary,Acute Care Hospitals,1.0,16.1,0.6352,1.0,50.84200472528025,50.84200472528025,Low value (bottom 20%)
190026,RAPIDES REGIONAL MEDICAL CENTER,LA,South,Proprietary,Acute Care Hospitals,2.0,16.1,1.2346666666666666,1.07,54.49521607265536,50.93010847911716,Low value (bottom 20%)
100246,HCA FLORIDA LAWNWOOD HOSPITAL,FL,South,Proprietary,Acute Care Hospitals,2.0,16.5,0.6822,1.09,55.51802141456793,50.93396460052104,Low value (bottom 20%)
370093,O U MEDICAL CENTER,OK,South,Voluntary non-profit - Private,Acute Care Hospitals,2.0,16.3,0.9380000000000001,1.08,55.10933494193937,51.027161983277196,Low value (bottom 20%)
140133,HOLY CROSS HOSPITAL,IL,Midwest,Voluntary non-profit - Private,Acute Care Hospitals,1.0,15.7,1.0025,0.99,50.750012567234705,51.26263895680273,Low value (bottom 20%)
190090,WINN PARISH MEDICAL CENTER,LA,South,Proprietary,Acute Care Hospitals,,14.5,,1.23,63.1578947368421,51.34788189987163,Low value (bottom 20%)
370112,SEQUOYAH COUNTY-CITY OF SALLISAW HOSPITAL AUTHORIT,OK,South,Government - Local,Acute Care Hospitals,,15.2,,1.05,53.947368421052644,51.37844611528823,Low value (bottom 20%)
510046,PRINCETON COMMUNITY HOSPITAL ASSN INC,WV,South,Government - Local,Acute Care Hospitals,2.0,16.6,0.8038000000000001,1.06,54.468154627255814,51.38505153514699,Low value (bottom 20%)
100238,HCA FLORIDA NORTHSIDE HOSPITAL,FL,South,Proprietary,Acute Care Hospitals,2.0,16.7,0.8122,1.05,53.98733222741669,51.41650688325399,Low value (bottom 20%)
440035,TENNOVA HEALTHCARE - CLARKSVILLE,TN,South,Proprietary,Acute Care Hospitals,1.0,16.3,0.23280000000000003,1.01,51.987633841049615,51.47290479311843,Low value (bottom 20%)
150002,METHODIST HOSPITALS INC,IN,Midwest,Voluntary non-profit - Private,Acute Care Hospitals,2.0,16.0,1.1921666666666666,1.07,55.14745555387992,51.539678087738245,Low value (bottom 20%)
510023,"WEIRTON MEDICAL CENTER, INC",WV,South,Government - Local,Acute Care Hospitals,2.0,16.9,1.1099999999999999,1.0,51.6131302468205,51.6131302468205,Low value (bottom 20%)
100181,LARKIN COMMUNITY HOSPITAL,FL,South,Proprietary,Acute Care Hospitals,,17.7,0.29175,1.13,58.32642135424521,51.61630208340285,Low value (bottom 20%)
100176,PALM BEACH GARDENS MEDICAL CENTER,FL,South,Proprietary,Acute Care Hospitals,1.0,15.9,0.7548,0.99,51.117981199416874,51.63432444385543,Low value (bottom 20%)
330233,BROOKDALE HOSPITAL MEDICAL CENTER,NY,Northeast,Voluntary non-profit - Private,Acute Care Hospitals,1.0,15.7,0.30799999999999994,1.05,54.24119036847133,51.658276541401264,Low value (bottom 20%)
100110,HCA FLORIDA OSCEOLA HOSPITAL,FL,South,Proprietary,Acute Care Hospitals,2.0,17.1,0.28850000000000003,1.06,54.86553058864927,51.75993451759365,Low value (bottom 20%)
100161,CENTRAL FLORIDA LAKE MONROE HOSPITAL,FL,South,Proprietary,Acute Care Hospitals,1.0,15.7,0.176,1.06,54.90474036093099,51.79692486880281,Low value (bottom 20%)
370083,PUSHMATAHA HOSPITAL,OK,South,Government - Hospital District or Authority,Acute Care Hospitals,,15.0,,1.09,56.57894736842105,51.90729116368903,Low value (bottom 20%)
230142,COREWELL HEALTH WAYNE HOSPITAL,MI,Midwest,Voluntary non-profit - Private,Acute Care Hospitals,1.0,15.4,0.714,1.03,53.516060925953845,51.95734070480955,Low value (bottom 20%)
390110,CONEMAUGH MEMORIAL MEDICAL CENTER,PA,Northeast,Proprietary,Acute Care Hospitals,1.0,15.3,0.7781999999999999,1.03,53.63193082994018,52.06983575722347,Low value (bottom 20%)
100228,WESTSIDE REGIONAL MEDICAL CENTER,FL,South,Proprietary,Acute Care Hospitals,2.0,17.0,0.29519999999999996,1.06,55.27044689086614,52.141931029119,Low value (bottom 20%)
190116,MOREHOUSE GENERAL HOSPITAL,LA,South,Government - Hospital District or Authority,Acute Care Hospitals,,14.7,,1.16,60.52631578947369,52.177858439201465,Low value (bottom 20%)
110086,WASHINGTON COUNTY REGIONAL MEDICAL CENTER,GA,South,Government - Hospital District or Authority,Acute Care Hospitals,,15.2,,1.03,53.947368421052644,52.37608584568218,Low value (bottom 20%)
190298,CHRISTUS CENTRAL LOUISIANA SURGICAL HOSPITAL,LA,South,Proprietary,Acute Care Hospitals,,14.8,,1.13,59.21052631578946,52.398695854680945,Low value (bottom 20%)
100288,ST MARY'S MEDICAL CENTER,FL,South,Proprietary,Acute Care Hospitals,1.0,15.2,0.6862,1.04,54.533001558337105,52.435578421477985,Low value (bottom 20%)
670060,BAYLOR SCOTT AND WHITE MEDICAL CENTER SUNNYVALE,TX,South,Voluntary non-profit - Private,Acute Care Hospitals,1.0,15.4,0.706,1.02,53.55627607701202,52.506153016678454,Low value (bottom 20%)
370014,ALLIANCEHEALTH DURANT,OK,South,Proprietary,Acute Care Hospitals,2.0,17.9,0.2685,0.98,51.45729653647012,52.50744544537767,Low value (bottom 20%)
100256,HCA FLORIDA BAYONET POINT HOSPITAL,FL,South,Proprietary,Acute Care Hospitals,2.0,16.5,0.7534,1.05,55.160106570150305,52.533434828714576,Low value (bottom 20%)
250124,MAGEE GENERAL HOSPITAL,MS,South,Voluntary non-profit - Private,Acute Care Hospitals,,14.9,,1.1,57.89473684210525,52.63157894736841,Low value (bottom 20%)
390258,ST MARY MEDICAL CENTER,PA,Northeast,Voluntary non-profit - Private,Acute Care Hospitals,2.0,16.6,0.40279999999999994,1.07,56.48393907404614,52.788728106585175,Low value (bottom 20%)
100180,HCA FLORIDA ST PETERSBURG HOSPITAL,FL,South,Proprietary,Acute Care Hospitals,2.0,16.3,0.7676000000000001,1.06,55.9659176594782,52.798035527809624,Low value (bottom 20%)
100268,WEST BOCA MEDICAL CENTER,FL,South,Proprietary,Acute Care Hospitals,1.0,16.0,0.319,1.0,52.87010506208214,52.87010506208214,Low value (bottom 20%)
450573,CHRISTUS JASPER MEMORIAL HOSPITAL,TX,South,Voluntary non-profit - Private,Acute Care Hospitals,,15.0,,1.07,56.57894736842105,52.8775209050664,Low value (bottom 20%)
140018,MT SINAI HOSPITAL MEDICAL CENTER,IL,Midwest,Voluntary non-profit - Private,Acute Care Hospitals,2.0,16.3,1.4728333333333332,0.99,52.42078453057189,52.950287404618074,Low value (bottom 20%)
330141,LONG ISLAND COMMUNITY HOSPITAL,NY,Northeast,Voluntary non-profit - Private,Acute Care Hospitals,1.0,14.2,0.9199999999999999,1.09,57.74367868094305,52.97585200086518,Low value (bottom 20%)
670006,THE HOSPITAL AT WESTLAKE MEDICAL CENTER,TX,South,Physician,Acute Care Hospitals,2.0,14.2,,1.01,53.55263157894737,53.02240750390828,Low value (bottom 20%)
230024,SINAI-GRACE HOSPITAL,MI,Midwest,Proprietary,Acute Care Hospitals,1.0,15.4,0.48699999999999993,1.03,54.65716583722917,53.065209550707934,Low value (bottom 20%)
410011,LANDMARK MEDICAL CENTER,RI,Northeast,Voluntary non-profit - Private,Acute Care Hospitals,2.0,17.2,0.87,0.97,51.50379530488112,53.0966961905991,Low value (bottom 20%)
110034,"WELLSTAR MCG HEALTH, AFFILIATED WITH MED COL",GA,South,Voluntary non-profit - Other,Acute Care Hospitals,2.0,15.7,1.4323333333333332,1.04,55.255952680172264,53.13072373093487,Low value (bottom 20%)
260027,RESEARCH MEDICAL CENTER,MO,Midwest,Proprietary,Acute Care Hospitals,2.0,15.9,0.7236,1.09,57.94148695521037,53.157327481844376,Low value (bottom 20%)
100077,Adventhealth Port Charlotte,FL,South,Proprietary,Acute Care Hospitals,1.0,16.1,0.048799999999999996,1.01,53.789775297843455,53.25720326519154,Low value (bottom 20%)
440152,REGIONAL ONE HEALTH,TN,South,Government - Hospital District or Authority,Acute Care Hospitals,3.0,16.2,1.2113999999999998,1.14,60.84024531242145,53.36863623896619,Low value (bottom 20%)
450399,BROWNFIELD REGIONAL MEDICAL CENTER,TX,South,Government - Hospital District or Authority,Acute Care Hospitals,,15.0,,1.06,56.57894736842105,53.37636544190664,Low value (bottom 20%)
330128,ELMHURST HOSPITAL CENTER,NY,Northeast,Government - Local,Acute Care Hospitals,2.0,16.0,0.7804,1.07,57.21736289146937,53.47417092660689,Low value (bottom 20%)
450587,HENDRICK MEDICAL CENTER BROWNWOOD,TX,South,Proprietary,Acute Care Hospitals,2.0,15.4,0.9825,1.1,58.83300658523098,53.48455144111907,Low value (bottom 20%)
230099,PROMEDICA MONROE REGIONAL HOSPITAL,MI,Midwest,Voluntary non-profit - Other,Acute Care Hospitals,2.0,16.7,0.693,1.02,54.58653797818329,53.51621370410126,Low value (bottom 20%)
230207,MCLAREN OAKLAND,MI,Midwest,Voluntary non-profit - Private,Acute Care Hospitals,1.0,15.2,0.4554,1.04,55.69320866636506,53.55116217919717,Low value (bottom 20%)
100039,BROWARD HEALTH MEDICAL CENTER,FL,South,Government - Hospital District or Authority,Acute Care Hospitals,2.0,16.2,0.6946666666666667,1.06,56.77114227785319,53.55768139420112,Low value (bottom 20%)
530034,SUMMIT MEDICAL CENTER,WY,West,Physician,Acute Care Hospitals,,14.7,,1.13,60.52631578947369,53.56311131811832,Low value (bottom 20%)
150009,NORTON CLARK HOSPITAL,IN,Midwest,Voluntary non-profit - Other,Acute Care Hospitals,2.0,15.6,0.8838000000000001,1.09,58.4519680289549,53.625658742160454,Low value (bottom 20%)
330103,OLEAN GENERAL HOSPITAL,NY,Northeast,Proprietary,Acute Care Hospitals,1.0,15.5,1.2437999999999998,0.94,50.414216055899054,53.63214474031815,Low value (bottom 20%)
670265,LEGENT ORTHOPEDIC HOSPITAL,TX,South,Proprietary,Acute Care Hospitals,3.0,15.3,,1.05,56.315789473684205,53.63408521303258,Low value (bottom 20%)
100167,HCA FLORIDA MERCY HOSPITAL,FL,South,Voluntary non-profit - Private,Acute Care Hospitals,2.0,16.1,0.33466666666666667,1.1,59.0194205666985,53.654018696998634,Low value (bottom 20%)
190015,NORTH OAKS MEDICAL CENTER,LA,South,Government - Hospital District or Authority,Acute Care Hospitals,3.0,16.8,0.49160000000000004,1.15,61.82702458151109,53.76263007087921,Low value (bottom 20%)
140007,SAINT JOSEPH MEDICAL CENTER,IL,Midwest,Voluntary non-profit - Church,Acute Care Hospitals,2.0,15.6,1.0602,1.07,57.56522394812246,53.799274717871455,Low value (bottom 20%)
100260,ST LUCIE MEDICAL CENTER,FL,South,Proprietary,Acute Care Hospitals,2.0,17.5,0.14540000000000003,1.0,53.83049313828985,53.83049313828985,Low value (bottom 20%)
330193,FLUSHING HOSPITAL MEDICAL CENTER,NY,Northeast,Voluntary non-profit - Private,Acute Care Hospitals,3.0,15.6,0.446,1.25,67.31940883727945,53.855527069823566,Low value (bottom 20%)
250007,Memorial Hospital Biloxi,MS,South,Proprietary,Acute Care Hospitals,1.0,15.6,0.2575,1.02,54.93364500075404,53.85651470662161,Low value (bottom 20%)
110165,SOUTHERN REGIONAL MEDICAL CENTER,GA,South,Voluntary non-profit - Private,Acute Care Hospitals,1.0,15.5,0.0175,1.05,56.578696023726934,53.88447240354946,Low value (bottom 20%)
260091,SSM HEALTH ST MARY'S HOSPITAL - ST LOUIS,MO,Midwest,Voluntary non-profit - Private,Acute Care Hospitals,2.0,16.3,0.528,1.06,57.17036143367013,53.93430323931144,Low value (bottom 20%)
330127,JACOBI MEDICAL CENTER,NY,Northeast,Government - Local,Acute Care Hospitals,2.0,16.3,0.719,1.04,56.21022470215653,54.04829298284282,Low value (bottom 20%)
450617,HCA HOUSTON HEALTHCARE CLEAR LAKE,TX,South,Proprietary,Acute Care Hospitals,2.0,16.2,0.5900000000000001,1.06,57.29729050419746,54.0540476454693,Low value (bottom 20%)
230227,MCLAREN MACOMB,MI,Midwest,Voluntary non-profit - Private,Acute Care Hospitals,1.0,15.2,0.5475999999999999,1.02,55.229729050419756,54.14679318668603,Low value (bottom 20%)
450002,THE HOSPITALS OF PROVIDENCE - MEMORIAL CAMPUS,TX,South,Proprietary,Acute Care Hospitals,1.0,15.3,0.24300000000000002,1.04,56.32232443573116,54.15608118820304,Low value (bottom 20%)
390150,UPMC GREENE,PA,Northeast,Voluntary non-profit - Private,Acute Care Hospitals,,15.1,,1.02,55.26315789473685,54.179566563467496,Low value (bottom 20%)
190164,BYRD REGIONAL HOSPITAL,LA,South,Proprietary,Acute Care Hospitals,4.0,17.4,0.0,1.26,68.33333333333334,54.23280423280424,Low value (bottom 20%)
150172,PHYSICIANS' MEDICAL CENTER LLC,IN,Midwest,Physician,Acute Care Hospitals,,15.3,,0.97,52.63157894736841,54.259359739555066,Low value (bottom 20%)
220077,BAYSTATE MEDICAL CENTER,MA,Northeast,Voluntary non-profit - Private,Acute Care Hospitals,2.0,16.4,0.6898333333333335,1.03,55.91824594916135,54.28955917394306,Low value (bottom 20%)
390329,JEFFERSON EINSTEIN MONTGOMERY HOSPITAL,PA,Northeast,Voluntary non-profit - Private,Acute Care Hospitals,2.0,15.6,1.2791666666666666,1.04,56.4645017510347,54.29279014522567,Low value (bottom 20%)
440084,SWEETWATER HOSPITAL ASSOCIATION,TN,South,Voluntary non-profit - Private,Acute Care Hospitals,2.0,15.9,1.442,1.0,54.33016639018749,54.33016639018749,Low value (bottom 20%)
250138,MERIT HEALTH RIVER OAKS,MS,South,Proprietary,Acute Care Hospitals,1.0,15.0,0.14325,1.07,58.13954657417181,54.336024835674586,Low value (bottom 20%)
390231,JEFFERSON ABINGTON HOSPITAL,PA,Northeast,Voluntary non-profit - Private,Acute Care Hospitals,2.0,17.1,0.702,0.97,52.78690996833057,54.41949481271193,Low value (bottom 20%)
180141,UNIVERSITY OF LOUISVILLE HOSPITAL,KY,South,Voluntary non-profit - Private,Acute Care Hospitals,3.0,16.4,0.887,1.13,61.59377670537375,54.507766995905975,Low value (bottom 20%)
100023,HCA FLORIDA CITRUS HOSPITAL,FL,South,Government - Hospital District or Authority,Acute Care Hospitals,2.0,16.8,0.6028,1.0,54.601367315135974,54.601367315135974,Low value (bottom 20%)
370244,COUNCIL OAK COMPREHENSIVE HEALTHCARE,OK,South,Tribal,Acute Care Hospitals,,14.9,,1.06,57.89473684210525,54.61767626613703,Low value (bottom 20%)
420011,CANNON MEMORIAL HOSPITAL,SC,South,Voluntary non-profit - Private,Acute Care Hospitals,,14.9,,1.06,57.89473684210525,54.61767626613703,Low value (bottom 20%)
440228,SAINT FRANCIS BARTLETT MEDICAL CENTER,TN,South,Proprietary,Acute Care Hospitals,1.0,15.4,0.9256,0.96,52.45237018046549,54.63788560465156,Low value (bottom 20%)
450675,MEDICAL CITY ARLINGTON,TX,South,Proprietary,Acute Care Hospitals,2.0,16.2,0.659,1.04,56.950434826320816,54.760033486846936,Low value (bottom 20%)
520037,MARSHFIELD MEDICAL CENTER,WI,Midwest,Voluntary non-profit - Church,Acute Care Hospitals,2.0,16.9,0.5851999999999999,0.99,54.25124415623586,54.79923652145037,Low value (bottom 20%)
190140,FRANKLIN MEDICAL CENTER,LA,South,Government - Hospital District or Authority,Acute Care Hospitals,,15.3,1.544,1.18,64.67350324234654,54.80805359520894,Low value (bottom 20%)
110236,CHI MEMORIAL HOSPITAL- GEORGIA,GA,South,Voluntary non-profit - Private,Acute Care Hospitals,,14.8,,1.08,59.21052631578946,54.82456140350875,Low value (bottom 20%)
440102,LINCOLN MEDICAL CENTER,TN,South,Government - Local,Acute Care Hospitals,3.0,14.9,1.03,1.23,67.45387824863018,54.84055142165055,Low value (bottom 20%)
100122,NORTH OKALOOSA MEDICAL CENTER,FL,South,Voluntary non-profit - Private,Acute Care Hospitals,2.0,16.5,0.48600000000000004,1.03,56.504297994269336,54.858541742009066,Low value (bottom 20%)
320063,CARLSBAD MEDICAL CENTER,NM,West,Voluntary non-profit - Other,Acute Care Hospitals,1.0,14.9,0.0,1.08,59.29824561403509,54.90578297595841,Low value (bottom 20%)
100302,ORLANDO HEALTH ST CLOUD HOSPITAL,FL,South,Proprietary,Acute Care Hospitals,2.0,17.2,0.407,0.98,53.831247172372194,54.929844053441016,Low value (bottom 20%)
450011,CHI ST JOSEPH HEALTH REGIONAL HOSPITAL,TX,South,Voluntary non-profit - Private,Acute Care Hospitals,2.0,14.9,1.4243999999999999,1.07,58.804604634796156,54.957574425043134,Low value (bottom 20%)
100204,HCA FLORIDA NORTH FLORIDA HOSPITAL,FL,South,Proprietary,Acute Care Hospitals,2.0,16.9,0.4346666666666666,1.0,55.007959248646934,55.007959248646934,Low value (bottom 20%)
290057,HENDERSON HOSPITAL,NV,West,Proprietary,Acute Care Hospitals,2.0,16.4,0.3224,1.05,57.76529432463681,55.01456602346363,Low value (bottom 20%)
190098,OCHSNER LSU HEALTH SHREVEPORT,LA,South,Voluntary non-profit - Private,Acute Care Hospitals,3.0,15.8,0.9652000000000001,1.16,63.832252551148635,55.027803923404,Low value (bottom 20%)
330250,THE UNIVERSITY OF VERMONT HEALTH NETWORK  - CHAMPL,NY,Northeast,Voluntary non-profit - Private,Acute Care Hospitals,2.0,16.4,1.0814,0.98,53.949881867993774,55.05089986529977,Low value (bottom 20%)
340132,MARIA PARHAM MEDICAL CENTER,NC,South,Proprietary,Acute Care Hospitals,1.0,15.5,0.211,1.01,55.60599205750767,55.05543768070066,Low value (bottom 20%)
140172,FRANCISCAN HEALTH OLYMPIA & CHICAGO HEIGHTS,IL,Midwest,Voluntary non-profit - Church,Acute Care Hospitals,2.0,16.2,0.6933999999999999,1.03,56.77750967677073,55.123795802690026,Low value (bottom 20%)
370056,MEMORIAL HEALTH,OK,South,Government - Hospital District or Authority,Acute Care Hospitals,2.0,16.5,1.0852,0.97,53.492183180013065,55.14658059795161,Low value (bottom 20%)
330044,WYNN HOSPITAL,NY,Northeast,Voluntary non-profit - Private,Acute Care Hospitals,2.0,15.6,0.6636,1.08,59.558890061830795,55.147120427621104,Low value (bottom 20%)
330104,NYACK HOSPITAL,NY,Northeast,Voluntary non-profit - Private,Acute Care Hospitals,2.0,16.0,0.3102,1.08,59.58100839491279,55.16760036565999,Low value (bottom 20%)
250061,YALOBUSHA GENERAL HOSPITAL,MS,South,Government - Local,Acute Care Hospitals,,15.4,,0.93,51.315789473684205,55.17826825127334,Low value (bottom 20%)
140011,HERRIN HOSPITAL,IL,Midwest,Voluntary non-profit - Private,Acute Care Hospitals,3.0,17.0,1.5265000000000002,1.01,55.74749912029356,55.19554368345897,Low value (bottom 20%)
140084,VISTA MEDICAL CENTER EAST,IL,Midwest,Proprietary,Acute Care Hospitals,1.0,15.4,0.3703333333333334,1.0,55.2436367901607,55.2436367901607,Low value (bottom 20%)
100022,JACKSON HEALTH SYSTEM,FL,South,Government - Hospital District or Authority,Acute Care Hospitals,3.0,16.8,0.5876666666666667,1.11,61.34410764255434,55.264961840139044,Low value (bottom 20%)
110073,DORMINY MEDICAL CENTER,GA,South,Government - Local,Acute Care Hospitals,,15.6,,0.88,48.684210526315795,55.32296650717704,Low value (bottom 20%)
100213,HCA FLORIDA BLAKE HOSPITAL,FL,South,Proprietary,Acute Care Hospitals,2.0,16.4,0.14620000000000002,1.06,58.65103302669281,55.33116323272906,Low value (bottom 20%)
330208,ST JOHN'S RIVERSIDE HOSPITAL,NY,Northeast,Voluntary non-profit - Private,Acute Care Hospitals,3.0,16.3,0.675,1.14,63.098074699643085,55.34918833302026,Low value (bottom 20%)
150090,FRANCISCAN HEALTH DYER,IN,Midwest,Voluntary non-profit - Church,Acute Care Hospitals,2.0,15.0,1.2435,1.07,59.275373246870764,55.39754509053342,Low value (bottom 20%)
330196,SOUTH BROOKLYN HEALTH,NY,Northeast,Voluntary non-profit - Other,Acute Care Hospitals,2.0,16.1,0.2732,1.07,59.32840697732869,55.44710932460625,Low value (bottom 20%)
310029,VIRTUA OUR LADY OF LOURDES HOSPITAL,NJ,Northeast,Government - State,Acute Care Hospitals,2.0,15.4,0.6516000000000001,1.09,60.49640577087417,55.50128969804969,Low value (bottom 20%)
110031,WELLSTAR SPALDING MEDICAL CENTER,GA,South,Proprietary,Acute Care Hospitals,2.0,15.4,1.6433333333333335,1.0,55.51106754469746,55.51106754469746,Low value (bottom 20%)
100269,HCA FLORIDA PALMS WEST HOSPITAL,FL,South,Proprietary,Acute Care Hospitals,2.0,17.4,0.3333333333333333,0.96,53.32436870590996,55.546217401989544,Low value (bottom 20%)
180020,MIDDLESBORO ARH HOSPITAL,KY,South,Voluntary non-profit - Private,Acute Care Hospitals,2.0,15.6,0.463,1.09,60.56728497461419,55.56631649047173,Low value (bottom 20%)
290007,UNIVERSITY MEDICAL CENTER,NV,West,Voluntary non-profit - Other,Acute Care Hospitals,2.0,15.6,0.5726000000000001,1.08,60.01633740511738,55.570682782516094,Low value (bottom 20%)
390147,PENN HIGHLANDS MON VALLEY,PA,Northeast,Voluntary non-profit - Private,Acute Care Hospitals,1.0,14.8,1.16025,0.97,53.904388478359216,55.57153451377239,Low value (bottom 20%)
230273,DETROIT RECEIVING HOSPITAL,MI,Midwest,Proprietary,Acute Care Hospitals,1.0,15.7,0.5844000000000001,0.95,52.85175689941186,55.633428315170384,Low value (bottom 20%)
100243,HCA FLORIDA BRANDON HOSPITAL,FL,South,Proprietary,Acute Care Hospitals,2.0,16.7,0.5895,0.99,55.106821494998236,55.66345605555377,Low value (bottom 20%)
250085,MARION GENERAL HOSPITAL,MS,South,Government - Local,Acute Care Hospitals,,15.4,2.351,1.04,57.93055346101644,55.702455250977344,Low value (bottom 20%)
310003,PALISADES MEDICAL CENTER,NJ,Northeast,Voluntary non-profit - Private,Acute Care Hospitals,2.0,16.0,0.7330000000000001,1.03,57.455637661488964,55.78217248688249,Low value (bottom 20%)
330151,ST JAMES HOSPITAL,NY,Northeast,Voluntary non-profit - Private,Acute Care Hospitals,3.0,15.8,,0.95,53.026315789473685,55.81717451523546,Low value (bottom 20%)
440012,WELLMONT BRISTOL REGIONAL MEDICAL CENTER,TN,South,Government - Hospital District or Authority,Acute Care Hospitals,2.0,15.8,0.7872000000000001,1.04,58.06037299552606,55.82728172646736,Low value (bottom 20%)
230151,BEAUMONT HOSPITAL - FARMINGTON HILLS,MI,Midwest,Voluntary non-profit - Private,Acute Care Hospitals,1.0,14.6,0.817,1.01,56.50706278590459,55.947586916737215,Low value (bottom 20%)
250042,NORTHWEST MISSISSISSIPPI REGIONAL MEDICAL CENTER,MS,South,Proprietary,Acute Care Hospitals,,15.3,,0.94,52.63157894736841,55.991041433370654,Low value (bottom 20%)
140292,UCHICAGO MEDICINE ADVENTHEALTH GLENOAKS,IL,Midwest,Voluntary non-profit - Other,Acute Care Hospitals,2.0,15.2,0.8256666666666667,1.08,60.498584091556495,56.01720749218194,Low value (bottom 20%)
260105,SSM HEALTH SAINT LOUIS UNIVERSITY HOSPITAL,MO,Midwest,Voluntary non-profit - Church,Acute Care Hospitals,2.0,15.6,0.683,1.06,59.46136832051476,56.09563049105166,Low value (bottom 20%)
310086,JEFFERSON STRATFORD HOSPITAL,NJ,Northeast,Voluntary non-profit - Private,Acute Care Hospitals,3.0,17.5,0.6853999999999999,1.03,57.78263710853065,56.09964767818509,Low value (bottom 20%)
330009,BRONXCARE HOSPITAL CENTER,NY,Northeast,Voluntary non-profit - Private,Acute Care Hospitals,2.0,16.7,0.8363999999999999,0.96,53.86568139546574,56.11008478694348,Low value (bottom 20%)
310050,SAINT CLARE'S HOSPITAL/ DENVILLE CAMPUS,NJ,Northeast,Proprietary,Acute Care Hospitals,2.0,16.2,0.4866,1.03,57.81707133162419,56.13307896274193,Low value (bottom 20%)
310019,ST JOSEPH'S UNIVERSITY MEDICAL CENTER INC,NJ,Northeast,Voluntary non-profit - Church,Acute Care Hospitals,2.0,15.4,0.39919999999999994,1.1,61.76519378675916,56.150176169781055,Low value (bottom 20%)
100264,HCA FLORIDA OAK HILL HOSPITAL,FL,South,Proprietary,Acute Care Hospitals,2.0,16.4,0.2992,1.03,57.88191826270548,56.19603714825775,Low value (bottom 20%)
230195,Henry Ford Health Warren Hospital,MI,Midwest,Voluntary non-profit - Private,Acute Care Hospitals,1.0,15.1,0.5418000000000001,0.99,55.697481526164985,56.2600823496616,Low value (bottom 20%)
190111,WILLIS KNIGHTON MEDICAL CENTER,LA,South,Voluntary non-profit - Private,Acute Care Hospitals,3.0,15.3,0.9938333333333333,1.17,65.88129827912665,56.3088019479715,Low value (bottom 20%)
330234,WESTCHESTER MEDICAL CENTER,NY,Northeast,Voluntary non-profit - Other,Acute Care Hospitals,2.0,14.7,0.9608333333333334,1.1,62.01209805794334,56.37463459813031,Low value (bottom 20%)
160089,OTTUMWA REGIONAL HEALTH CENTER,IA,Midwest,Proprietary,Acute Care Hospitals,1.0,14.6,0.835,1.0,56.41657869602373,56.41657869602373,Low value (bottom 20%)
230270,BEAUMONT HOSPITAL - TAYLOR,MI,Midwest,Voluntary non-profit - Private,Acute Care Hospitals,2.0,14.9,1.30775,1.05,59.390991806162965,56.56284933920282,Low value (bottom 20%)
450422,BAYLOR SCOTT AND WHITE MEDICAL CENTER UPTOWN,TX,South,Proprietary,Acute Care Hospitals,,14.7,,1.07,60.52631578947369,56.56665027053616,Low value (bottom 20%)
370212,OKLAHOMA CENTER FOR ORTHOPAEDIC & MULTI-SP,OK,South,Physician,Acute Care Hospitals,,15.3,,0.93,52.63157894736841,56.59309564233162,Low value (bottom 20%)
670136,BAYLOR SCOTT & WHITE MEDICAL CENTER- AUSTIN,TX,South,Voluntary non-profit - Private,Acute Care Hospitals,,15.3,,0.93,52.63157894736841,56.59309564233162,Low value (bottom 20%)
140191,INGALLS MEMORIAL HOSPITAL,IL,Midwest,Physician,Acute Care Hospitals,2.0,16.1,0.4776000000000001,1.03,58.30090986779268,56.60282511436183,Low value (bottom 20%)
100275,WELLINGTON REGIONAL MEDICAL CENTER,FL,South,Proprietary,Acute Care Hospitals,2.0,16.4,0.5496,1.0,56.62318403458503,56.62318403458503,Low value (bottom 20%)
460011,CASTLEVIEW HOSPITAL,UT,West,Proprietary,Acute Care Hospitals,2.0,15.0,1.657,1.01,57.19675262655205,56.630448145101035,Low value (bottom 20%)
330169,MOUNT SINAI BETH ISRAEL,NY,Northeast,Voluntary non-profit - Private,Acute Care Hospitals,2.0,16.4,0.2098,1.03,58.33132257578043,56.632352015320805,Low value (bottom 20%)
450352,HUNT REGIONAL MEDICAL CENTER,TX,South,Government - Hospital District or Authority,Acute Care Hospitals,3.0,16.2,1.4766,1.05,59.507113054843416,56.673441004612776,Low value (bottom 20%)
340116,FRYE REGIONAL MEDICAL CENTER,NC,South,Proprietary,Acute Care Hospitals,2.0,15.6,0.7864,1.04,58.941587493088015,56.67460335873847,Low value (bottom 20%)
330160,STATEN ISLAND UNIVERSITY HOSPITAL,NY,Northeast,Voluntary non-profit - Private,Acute Care Hospitals,2.0,16.4,0.42533333333333334,1.01,57.247859381021804,56.6810488921008,Low value (bottom 20%)
330065,NIAGARA FALLS MEMORIAL MEDICAL CENTER,NY,Northeast,Voluntary non-profit - Private,Acute Care Hospitals,1.0,15.3,0.73375,0.95,53.85537626300709,56.68986975053378,Low value (bottom 20%)
220063,LOWELL GENERAL HOSPITAL,MA,Northeast,Voluntary non-profit - Private,Acute Care Hospitals,2.0,16.1,1.0166,0.98,55.59141406524907,56.72593271964191,Low value (bottom 20%)
110036,SAVANNAH HEALTH SERVICES LLC DBA MEMORIAL HEALTH UNIVERSITY MEDICAL CENTER,GA,South,Voluntary non-profit - Other,Acute Care Hospitals,2.0,15.7,0.5738333333333333,1.05,59.57154107810118,56.73480102676302,Low value (bottom 20%)
330350,SUNY/DOWNSTATE UNIVERSITY HOSPITAL OF BROOKLYN,NY,Northeast,Government - State,Acute Care Hospitals,2.0,15.9,0.7356,1.02,57.881164228623135,56.7462394398266,Low value (bottom 20%)
190300,ST CHARLES SURGICAL HOSPITAL,LA,South,Physician,Acute Care Hospitals,,14.9,,1.02,57.89473684210525,56.7595459236326,Low value (bottom 20%)
370158,PURCELL MUNICIPAL HOSPITAL,OK,South,Government - Local,Acute Care Hospitals,,14.9,,1.02,57.89473684210525,56.7595459236326,Low value (bottom 20%)
250117,HIGHLAND COMMUNITY  HOSPITAL,MS,South,Government - Local,Acute Care Hospitals,,15.8,1.3235,1.11,63.04667470969687,56.79880604477195,Low value (bottom 20%)
450107,LAS PALMAS MEDICAL CENTER A CAMPUS OF LPDS HEALTHC,TX,South,Proprietary,Acute Care Hospitals,2.0,15.5,0.508,1.07,60.7796712411401,56.80343106648607,Low value (bottom 20%)
250031,MERIT HEALTH RIVER REGION,MS,South,Proprietary,Acute Care Hospitals,2.0,16.0,0.063,1.07,60.82365656260996,56.844538843560706,Low value (bottom 20%)
260077,MERCY HOSPITAL SOUTH,MO,Midwest,Voluntary non-profit - Private,Acute Care Hospitals,2.0,15.8,0.7975,1.02,58.00859598853868,56.87117253778302,Low value (bottom 20%)
250104,ANDERSON REGIONAL MEDICAL CENTER,MS,South,Voluntary non-profit - Private,Acute Care Hospitals,2.0,15.7,0.5435999999999999,1.05,59.72352083647515,56.87954365378586,Low value (bottom 20%)
310108,JFK UNIVERSITY MEDICAL CENTER,NJ,Northeast,Voluntary non-profit - Private,Acute Care Hospitals,2.0,15.5,0.3784,1.08,61.43115668828231,56.88070063729843,Low value (bottom 20%)
330059,MONTEFIORE MEDICAL CENTER,NY,Northeast,Voluntary non-profit - Private,Acute Care Hospitals,2.0,15.5,0.8263333333333333,1.04,59.1794433552841,56.9033109185424,Low value (bottom 20%)
250096,CROSSGATES RIVER OAKS HOSPITAL,MS,South,Proprietary,Acute Care Hospitals,,15.1,,0.97,55.26315789473685,56.97232772653284,Low value (bottom 20%)
150181,ASCENSION ST VINCENT FISHERS,IN,Midwest,Voluntary non-profit - Private,Acute Care Hospitals,3.0,15.2,,1.0,56.97368421052632,56.97368421052632,Low value (bottom 20%)
250168,UNIVERSITY OF MISSISSIPPI MEDICAL CENTER- GRENADA,MS,South,Government - State,Acute Care Hospitals,4.0,15.2,1.5685,1.23,70.09777308601015,56.99005941952045,Low value (bottom 20%)
450083,UT HEALTH EAST TEXAS TYLER REGIONAL HOSPITAL,TX,South,Proprietary,Acute Care Hospitals,2.0,15.4,0.5528,1.07,60.993062886442466,57.00286251069389,Low value (bottom 20%)
490048,LEWISGALE MEDICAL CENTER,VA,South,Proprietary,Acute Care Hospitals,2.0,15.5,0.6862,1.05,59.88387875131955,57.03226547744719,Low value (bottom 20%)
340010,UNC HEALTH CARE WAYNE,NC,South,Voluntary non-profit - Private,Acute Care Hospitals,2.0,15.3,1.8810000000000002,0.96,54.75493892323933,57.036394711707636,Low value (bottom 20%)
360211,TRINITY MEDICAL CTR EAST &TRINITY MEDICAL CTR WEST,OH,Midwest,Voluntary non-profit - Other,Acute Care Hospitals,2.0,15.7,0.7346,1.03,58.763384104961546,57.051829228118,Low value (bottom 20%)
390184,PENN HIGHLANDS CONNELLSVILLE,PA,Northeast,Voluntary non-profit - Private,Acute Care Hospitals,,15.7,,0.83,47.36842105263159,57.070386810399505,Low value (bottom 20%)
390142,JEFFERSON EINSTEIN PHILADELPHIA HOSPITAL,PA,Northeast,Voluntary non-profit - Other,Acute Care Hospitals,2.0,15.4,0.7577999999999999,1.05,59.962549640577095,57.107190133882945,Low value (bottom 20%)
230244,GARDEN CITY HOSPITAL,MI,Midwest,Voluntary non-profit - Private,Acute Care Hospitals,2.0,16.3,0.08475,1.04,59.398532146986376,57.11397321825613,Low value (bottom 20%)
250019,MEMORIAL HOSPITAL AT GULFPORT,MS,South,Government - Local,Acute Care Hospitals,3.0,15.6,0.6576,1.16,66.25571809179108,57.11699835499232,Low value (bottom 20%)
370097,SOUTHWESTERN MEDICAL CENTER,OK,South,Proprietary,Acute Care Hospitals,2.0,15.3,1.179,1.02,58.28381842859297,57.14099845940488,Low value (bottom 20%)
450389,UT HEALTH EAST TEXAS ATHENS HOSPITAL,TX,South,Proprietary,Acute Care Hospitals,3.0,16.2,1.036,1.08,61.72196249937164,57.14996527719596,Low value (bottom 20%)
320085,MOUNTAIN VIEW REGIONAL MEDICAL CENTER,NM,West,Proprietary,Acute Care Hospitals,2.0,16.0,0.3318,1.04,59.47242748705575,57.185026429861296,Low value (bottom 20%)
140206,HUMBOLDT PARK HEALTH,IL,Midwest,Voluntary non-profit - Private,Acute Care Hospitals,2.0,15.5,0.64,1.05,60.11612124868045,57.253448808267095,Low value (bottom 20%)
140181,SOUTH SHORE HOSPITAL,IL,Midwest,Voluntary non-profit - Private,Acute Care Hospitals,,16.7,1.154,1.02,58.40370984768512,57.25853906635796,Low value (bottom 20%)
390001,GEISINGER-COMMUNITY MEDICAL CENTER,PA,Northeast,Voluntary non-profit - Private,Acute Care Hospitals,2.0,16.1,0.798,0.99,56.69029306791333,57.26292229082155,Low value (bottom 20%)
340042,ONSLOW MEMORIAL HOSPITAL,NC,South,Government - Hospital District or Authority,Acute Care Hospitals,2.0,16.4,0.4208,1.0,57.270647966621425,57.270647966621425,Low value (bottom 20%)
390115,JEFFERSON HEALTH- NORTHEAST,PA,Northeast,Voluntary non-profit - Private,Acute Care Hospitals,2.0,15.4,0.7204,1.05,60.150555471774,57.286243306451425,Low value (bottom 20%)
180132,LAKE CUMBERLAND REGIONAL HOSPITAL,KY,South,Proprietary,Acute Care Hospitals,2.0,15.9,0.5118333333333334,1.03,59.00601551634578,57.28739370519007,Low value (bottom 20%)
310084,MONMOUTH MEDICAL CENTER-SOUTHERN CAMPUS,NJ,Northeast,Voluntary non-profit - Private,Acute Care Hospitals,3.0,16.1,0.2955,1.15,65.88297391042074,57.28954253080065,Low value (bottom 20%)
190318,ACADIAN MEDICAL CENTER,LA,South,Proprietary,Acute Care Hospitals,3.0,15.1,1.037,1.16,66.54149700899814,57.363359490515634,Low value (bottom 20%)
100248,HCA FLORIDA LARGO HOSPITAL,FL,South,Proprietary,Acute Care Hospitals,2.0,15.6,0.28440000000000004,1.07,61.465088221987635,57.44400768410059,Low value (bottom 20%)
330198,MOUNT SINAI SOUTH NASSAU,NY,Northeast,Voluntary non-profit - Private,Acute Care Hospitals,2.0,15.9,0.476,1.03,59.18614588046046,57.462277553845105,Low value (bottom 20%)
450584,WILBARGER GENERAL HOSPITAL,TX,South,Government - Hospital District or Authority,Acute Care Hospitals,,14.8,,1.03,59.21052631578946,57.48594787940724,Low value (bottom 20%)
100156,HCA FLORIDA LAKE CITY HOSPITAL,FL,South,Proprietary,Acute Care Hospitals,2.0,16.2,0.4378,1.01,58.06238375307897,57.48750866641482,Low value (bottom 20%)
390304,ROXBOROUGH MEMORIAL HOSPITAL,PA,Northeast,Proprietary,Acute Care Hospitals,2.0,15.5,1.3824999999999998,0.98,56.383652541094854,57.534339327647814,Low value (bottom 20%)
110064,PIEDMONT COLUMBUS REGIONAL MIDTOWN,GA,South,Voluntary non-profit - Other,Acute Care Hospitals,2.0,14.8,0.8426666666666667,1.08,62.167512860470175,57.562511907842755,Low value (bottom 20%)
100080,HCA FLORIDA JFK HOSPITAL,FL,South,Proprietary,Acute Care Hospitals,2.0,16.1,0.6154999999999999,1.0,57.60770120142763,57.60770120142763,Low value (bottom 20%)
100179,HCA FLORIDA MEMORIAL HOSPITAL,FL,South,Proprietary,Acute Care Hospitals,2.0,15.5,0.22139999999999999,1.08,62.22037902779872,57.61146206277659,Low value (bottom 20%)
180029,HAZARD ARH REGIONAL MEDICAL CENTER,KY,South,Voluntary non-profit - Private,Acute Care Hospitals,2.0,14.7,1.1466,1.06,61.07826873774695,57.6210082431575,Low value (bottom 20%)
330014,JAMAICA HOSPITAL MEDICAL CENTER,NY,Northeast,Voluntary non-profit - Private,Acute Care Hospitals,2.0,15.7,0.3862,1.05,60.514753933544476,57.63309898432807,Low value (bottom 20%)
230104,HARPER UNIVERSITY HOSPITAL,MI,Midwest,Proprietary,Acute Care Hospitals,1.0,15.2,0.6376000000000001,0.95,54.77730860101544,57.66032484317415,Low value (bottom 20%)
390237,REGIONAL HOSPITAL OF SCRANTON,PA,Northeast,Proprietary,Acute Care Hospitals,2.0,15.5,0.2096,1.08,62.27969637560951,57.666385532971766,Low value (bottom 20%)
100209,HCA FLORIDA KENDALL HOSPITAL,FL,South,Proprietary,Acute Care Hospitals,2.0,15.7,0.26333333333333336,1.06,61.13239162854606,57.672067574100055,Low value (bottom 20%)
450144,PERMIAN REGIONAL MEDICAL CENTER ANDREWS COUNTY HO,TX,South,Government - Hospital District or Authority,Acute Care Hospitals,,15.0,,0.98,56.57894736842105,57.733619763694946,Low value (bottom 20%)
100044,CLEVELAND CLINIC MARTIN NORTH HOSPITAL,FL,South,Voluntary non-profit - Private,Acute Care Hospitals,2.0,16.0,0.441,1.02,58.92349067511185,57.768128112854754,Low value (bottom 20%)
290008,NORTHEASTERN NEVADA REGIONAL HOSPITAL,NV,West,Proprietary,Acute Care Hospitals,2.0,14.7,,0.87,50.26315789473685,57.77374470659408,Low value (bottom 20%)
190040,SLIDELL MEMORIAL HOSPITAL,LA,South,Government - Hospital District or Authority,Acute Care Hospitals,2.0,16.0,0.8952,0.98,56.640275473784754,57.79619946304567,Low value (bottom 20%)
100168,BOCA RATON REGIONAL HOSPITAL,FL,South,Voluntary non-profit - Private,Acute Care Hospitals,2.0,15.7,0.3473333333333333,1.05,60.71013254243536,57.81917384993844,Low value (bottom 20%)
360051,MIAMI VALLEY HOSPITAL,OH,Midwest,Voluntary non-profit - Private,Acute Care Hospitals,2.0,16.0,0.42483333333333334,1.02,59.004758792875215,57.847802738112954,Low value (bottom 20%)
150056,INDIANA UNIVERSITY HEALTH,IN,Midwest,Voluntary non-profit - Private,Acute Care Hospitals,2.0,15.3,0.6875,1.05,60.75453677172874,57.861463592122604,Low value (bottom 20%)
100223,HCA FLORIDA FORT WALTON-DESTIN HOSPITAL,FL,South,Proprietary,Acute Care Hospitals,3.0,17.0,0.4137999999999999,1.06,61.34092394309556,57.868796172731656,Low value (bottom 20%)
100254,HCA FLORIDA CAPITAL HOSPITAL,FL,South,Proprietary,Acute Care Hospitals,2.0,16.2,0.359,1.01,58.458502991001865,57.87970593168502,Low value (bottom 20%)
440017,WELLMONT HOLSTON VALLEY MEDICAL CENTER,TN,South,Voluntary non-profit - Private,Acute Care Hospitals,2.0,14.8,0.54,1.1,63.68898607550394,57.899078250458125,Low value (bottom 20%)
140258,ALEXIAN BROTHERS MEDICAL CENTER 1,IL,Midwest,Voluntary non-profit - Private,Acute Care Hospitals,2.0,14.7,0.7418,1.09,63.113155381289914,57.90197741402744,Low value (bottom 20%)
450638,HCA HOUSTON HEALTHCARE NORTHWEST,TX,South,Proprietary,Acute Care Hospitals,2.0,15.6,0.18380000000000002,1.07,61.97079374654402,57.9166296696673,Low value (bottom 20%)
230146,WYANDOTTE HOSPITAL AND MEDICAL CENTER,MI,Midwest,Voluntary non-profit - Private,Acute Care Hospitals,2.0,15.5,0.6156666666666667,1.04,60.23844233314901,57.92157916648943,Low value (bottom 20%)
100316,PALM BAY HOSPITAL,FL,South,Proprietary,Acute Care Hospitals,2.0,15.3,0.7895000000000001,1.04,60.24179359573719,57.924801534362686,Low value (bottom 20%)
140294,DEACONESS ILLINOIS CROSSROADS,IL,Midwest,Proprietary,Acute Care Hospitals,4.0,15.6,,1.11,64.34210526315789,57.96586059743954,Low value (bottom 20%)
220176,ST VINCENT HOSPITAL,MA,Northeast,Proprietary,Acute Care Hospitals,1.0,14.8,0.3504,1.0,57.97541848891569,57.97541848891569,Low value (bottom 20%)
440061,VOLUNTEER COMMUNITY HOSPITAL,TN,South,Proprietary,Acute Care Hospitals,4.0,14.8,,1.2,69.60526315789473,58.004385964912274,Low value (bottom 20%)
100286,PHYSICIANS REGIONAL MEDICAL CENTER - PINE RIDGE,FL,South,Proprietary,Acute Care Hospitals,2.0,16.1,0.5330000000000001,1.0,58.02241994671491,58.02241994671491,Low value (bottom 20%)
260177,LIBERTY HOSPITAL,MO,Midwest,Voluntary non-profit - Private,Acute Care Hospitals,3.0,16.8,0.6643999999999999,1.05,60.95837731865481,58.05559744633791,Low value (bottom 20%)
360064,ST ELIZABETH YOUNGSTOWN HOSPITAL,OH,Midwest,Voluntary non-profit - Church,Acute Care Hospitals,2.0,15.4,0.7854,1.03,59.823807369426426,58.08136637808391,Low value (bottom 20%)
450484,WOODLAND HEIGHTS MEDICAL CENTER,TX,South,Proprietary,Acute Care Hospitals,2.0,16.4,0.258,1.0,58.089026290655006,58.089026290655006,Low value (bottom 20%)
100002,BETHESDA HOSPITAL EAST,FL,South,Voluntary non-profit - Private,Acute Care Hospitals,2.0,15.9,0.4542,1.02,59.295732167093945,58.13307075205289,Low value (bottom 20%)
150075,BLUFFTON REGIONAL MEDICAL CENTER,IN,Midwest,Proprietary,Acute Care Hospitals,,15.1,,0.95,55.26315789473685,58.17174515235458,Low value (bottom 20%)
330240,HARLEM HOSPITAL CENTER,NY,Northeast,Voluntary non-profit - Other,Acute Care Hospitals,1.0,15.1,0.506,0.96,55.87744432715025,58.20567117411485,Low value (bottom 20%)
330286,GOOD SAMARITAN HOSPITAL MEDICAL CENTER,NY,Northeast,Voluntary non-profit - Private,Acute Care Hospitals,2.0,14.9,0.612,1.08,62.888453224752425,58.230049282178165,Low value (bottom 20%)
500031,GRAYS HARBOR COMMUNITY HOSPITAL,WA,West,Voluntary non-profit - Private,Acute Care Hospitals,1.0,14.9,0.548,0.97,56.543507766551045,58.29227604799077,Low value (bottom 20%)
230041,MCLAREN BAY REGION,MI,Midwest,Voluntary non-profit - Private,Acute Care Hospitals,2.0,16.3,0.1868,1.01,58.8855376263007,58.30251250128782,Low value (bottom 20%)
260104,SSM HEALTH DEPAUL HOSPITAL ST LOUIS,MO,Midwest,Voluntary non-profit - Church,Acute Care Hospitals,2.0,15.1,0.4006666666666667,1.08,63.07361048274938,58.401491187730905,Low value (bottom 20%)
140067,SAINT FRANCIS MEDICAL CENTER,IL,Midwest,Voluntary non-profit - Private,Acute Care Hospitals,2.0,16.0,0.8898333333333334,0.97,56.6672531376196,58.419848595484126,Low value (bottom 20%)
140184,HEARTLAND REGIONAL MEDICAL CENTER,IL,Midwest,Proprietary,Acute Care Hospitals,3.0,16.6,0.297,1.09,63.682451113457,58.424267076566046,Low value (bottom 20%)
180040,UOFL HEALTH - JEWISH HOSPITAL and Mary & Elizabeth Hospital,KY,South,Voluntary non-profit - Private,Acute Care Hospitals,2.0,15.6,0.7646,1.01,59.051173779721516,58.46650869279358,Low value (bottom 20%)
110071,APPLING HEALTHCARE,GA,South,Government - Hospital District or Authority,Acute Care Hospitals,,15.3,,0.9,52.63157894736841,58.479532163742675,Low value (bottom 20%)
190256,STERLING SURGICAL HOSPITAL,LA,South,Proprietary,Acute Care Hospitals,,15.3,,0.9,52.63157894736841,58.479532163742675,Low value (bottom 20%)
250027,WINSTON MEDICAL CENTER,MS,South,Voluntary non-profit - Private,Acute Care Hospitals,,14.9,,0.99,57.89473684210525,58.47953216374268,Low value (bottom 20%)
190114,CLAIBORNE MEMORIAL MEDICAL CENTER,LA,South,Government - Hospital District or Authority,Acute Care Hospitals,4.0,16.6,2.4245,1.02,59.65440104559392,58.48470690744502,Low value (bottom 20%)
100131,HCA FLORIDA AVENTURA HOSPITAL,FL,South,Voluntary non-profit - Private,Acute Care Hospitals,2.0,15.4,0.3514,1.06,62.00547931433167,58.49573520219969,Low value (bottom 20%)
310054,HACKENSACK MERIDIAN MOUNTAINSIDE MEDICAL,NJ,Northeast,Proprietary,Acute Care Hospitals,2.0,15.1,0.37760000000000005,1.08,63.1895641683004,58.50885571138925,Low value (bottom 20%)
360054,HOLZER MEDICAL CENTER,OH,Midwest,Voluntary non-profit - Private,Acute Care Hospitals,3.0,14.9,1.0635,1.15,67.28547730357413,58.50911069876011,Low value (bottom 20%)
330158,GOOD SAMARITAN HOSPITAL OF SUFFERN,NY,Northeast,Voluntary non-profit - Private,Acute Care Hospitals,2.0,15.1,0.2602,1.09,63.77972151007892,58.51350597254947,Low value (bottom 20%)
100173,ADVENTHEALTH TAMPA,FL,South,Voluntary non-profit - Private,Acute Care Hospitals,2.0,15.3,0.6653333333333333,1.04,60.86596625278573,58.52496755075551,Low value (bottom 20%)
340126,WILSON MEDICAL CENTER,NC,South,Voluntary non-profit - Private,Acute Care Hospitals,2.0,15.1,1.88675,0.95,55.60322726587242,58.529712911444655,Low value (bottom 20%)
450644,HCA HOUSTON HEALTHCARE WEST,TX,South,Proprietary,Acute Care Hospitals,2.0,15.6,0.8644000000000001,1.0,58.54948977027095,58.54948977027095,Low value (bottom 20%)
140280,TRINITY ROCK ISLAND,IL,Midwest,Voluntary non-profit - Private,Acute Care Hospitals,2.0,15.4,0.6882,1.03,60.312421454783085,58.555748985226295,Low value (bottom 20%)
360137,UH CLEVELAND MEDICAL CENTER,OH,Midwest,Voluntary non-profit - Private,Acute Care Hospitals,3.0,16.4,0.9068333333333333,1.05,61.4940766433754,58.56578727940514,Low value (bottom 20%)
150017,LUTHERAN HOSPITAL OF INDIANA,IN,Midwest,Proprietary,Acute Care Hospitals,2.0,15.3,0.30700000000000005,1.07,62.66726989393254,58.5675419569463,Low value (bottom 20%)
370106,INTEGRIS SOUTHWEST MEDICAL CENTER,OK,South,Voluntary non-profit - Private,Acute Care Hospitals,3.0,15.1,0.7531666666666667,1.16,67.96829705591581,58.59335953096191,Low value (bottom 20%)
360070,MERCY MEDICAL CENTER,OH,Midwest,Voluntary non-profit - Private,Acute Care Hospitals,2.0,15.4,1.0258,1.0,58.61534208012868,58.61534208012868,Low value (bottom 20%)
250099,GREENWOOD LEFLORE HOSPITAL,MS,South,Government - Local,Acute Care Hospitals,,14.8,,1.01,59.21052631578946,58.62428348097966,Low value (bottom 20%)
360218,LICKING MEMORIAL HOSPITAL,OH,Midwest,Voluntary non-profit - Private,Acute Care Hospitals,3.0,16.1,1.7378,1.0,58.63268486402251,58.63268486402251,Low value (bottom 20%)
220100,SOUTH SHORE HOSPITAL,MA,Northeast,Voluntary non-profit - Private,Acute Care Hospitals,3.0,17.4,0.7182000000000001,0.99,58.056351480420254,58.642779273151774,Low value (bottom 20%)
330136,BASSETT HEALTHCARE,NY,Northeast,Voluntary non-profit - Private,Acute Care Hospitals,2.0,15.6,0.9603999999999999,0.99,58.066907957573015,58.65344238138688,Low value (bottom 20%)
180044,PIKEVILLE MEDICAL CENTER,KY,South,Voluntary non-profit - Private,Acute Care Hospitals,2.0,16.0,1.0711666666666666,0.95,55.755709713634616,58.69022075119433,Low value (bottom 20%)
140164,MEMORIAL HOSPITAL OF CARBONDALE,IL,Midwest,Voluntary non-profit - Private,Acute Care Hospitals,3.0,16.1,0.9019999999999999,1.07,62.8341627708239,58.72351660824663,Low value (bottom 20%)
310061,VIRTUA WILLINGBORO HOSPITAL,NJ,Northeast,Voluntary non-profit - Private,Acute Care Hospitals,2.0,14.8,0.6890000000000001,1.07,62.93997888704569,58.82241017480905,Low value (bottom 20%)
180050,HARLAN ARH HOSPITAL,KY,South,Voluntary non-profit - Other,Acute Care Hospitals,2.0,16.5,0.606,0.95,55.90107072839692,58.84323234568097,Low value (bottom 20%)
320005,SAN JUAN REGIONAL MEDICAL CENTER INC,NM,West,Voluntary non-profit - Private,Acute Care Hospitals,2.0,15.2,1.3872,0.98,57.6758156135324,58.85287307503306,Low value (bottom 20%)
230015,THREE RIVERS HEALTH,MI,Midwest,Government - Hospital District or Authority,Acute Care Hospitals,3.0,15.0,,0.99,58.28947368421052,58.878256246677296,Low value (bottom 20%)
140114,SWEDISH HOSPITAL,IL,Midwest,Voluntary non-profit - Church,Acute Care Hospitals,2.0,14.7,0.6402,1.08,63.62388779972855,58.91100722197088,Low value (bottom 20%)
510070,RALEIGH GENERAL HOSPITAL,WV,South,Proprietary,Acute Care Hospitals,2.0,15.7,0.35350000000000004,1.03,60.67913336349469,58.91177996455795,Low value (bottom 20%)
230141,MCLAREN FLINT,MI,Midwest,Voluntary non-profit - Private,Acute Care Hospitals,2.0,16.0,0.4426,1.0,58.91544764490022,58.91544764490022,Low value (bottom 20%)
360003,"UNIVERSITY OF CINCINNATI MEDICAL CENTER, LLC",OH,Midwest,Voluntary non-profit - Private,Acute Care Hospitals,3.0,15.9,1.0348333333333333,1.07,63.04361668258516,58.91926792764968,Low value (bottom 20%)
450033,VHS HARLINGEN HOSPITAL COMPANY LLC,TX,South,Proprietary,Acute Care Hospitals,2.0,14.6,1.1913333333333334,1.04,61.29199550930813,58.93461106664243,Low value (bottom 20%)
370099,HILLCREST HOSPITAL CUSHING,OK,South,Proprietary,Acute Care Hospitals,,15.0,,0.96,56.57894736842105,58.936403508771924,Low value (bottom 20%)
320001,UNM HOSPITAL,NM,West,Government - State,Acute Care Hospitals,2.0,15.3,1.0466666666666666,1.0,58.94904405234672,58.94904405234672,Low value (bottom 20%)
140082,LOUIS A WEISS MEMORIAL HOSPITAL,IL,Midwest,Proprietary,Acute Care Hospitals,,16.1,0.661,1.12,66.06846629467651,58.98970204881831,Low value (bottom 20%)
390156,MERCY CATHOLIC MEDICAL CENTER- MERCY FITZGERALD,PA,Northeast,Voluntary non-profit - Private,Acute Care Hospitals,2.0,15.0,0.8304000000000002,1.04,61.351983109636556,58.99229145157361,Low value (bottom 20%)
340129,DUKE HEALTH LAKE NORMAN HOSPITAL,NC,South,Proprietary,Acute Care Hospitals,1.0,15.3,0.415,0.94,55.457698687980695,58.99755179572415,Low value (bottom 20%)
500015,MULTICARE AUBURN MEDICAL CENTER,WA,West,Voluntary non-profit - Private,Acute Care Hospitals,1.0,15.1,0.34700000000000003,0.96,56.67672045443121,59.03825047336585,Low value (bottom 20%)
220001,UMASS MEMORIAL HEALTHALLIANCE HOSPITALS,MA,Northeast,Voluntary non-profit - Other,Acute Care Hospitals,2.0,15.5,0.38325,1.04,61.4067762529533,59.04497716630125,Low value (bottom 20%)
450028,VALLEY BAPTIST MEDICAL CENTER- BROWNSVILLE,TX,South,Proprietary,Acute Care Hospitals,2.0,15.4,0.34933333333333333,1.05,62.01586822835503,59.062731646052406,Low value (bottom 20%)
140208,ADVOCATE CHRIST HOSPITAL & MEDICAL CENTER,IL,Midwest,Voluntary non-profit - Church,Acute Care Hospitals,2.0,15.8,0.9398333333333334,0.97,57.29310142596223,59.065053016455906,Low value (bottom 20%)
450034,CHRISTUS SOUTHEAST TEXAS- ST ELIZABETH,TX,South,Voluntary non-profit - Private,Acute Care Hospitals,2.0,15.1,0.13833333333333334,1.09,64.39233231119825,59.0755342304571,Low value (bottom 20%)
230193,MCLAREN LAPEER REGION,MI,Midwest,Voluntary non-profit - Private,Acute Care Hospitals,1.0,14.6,1.0105000000000002,0.94,55.534358819685316,59.07910512732481,Low value (bottom 20%)
220010,MERRIMACK HEALTH LAWRENCE HOSPITAL,MA,Northeast,Voluntary non-profit - Private,Acute Care Hospitals,2.0,14.9,0.5462,1.07,63.219222842205795,59.08338583383719,Low value (bottom 20%)
450196,PARIS REGIONAL MEDICAL CENTER,TX,South,Proprietary,Acute Care Hospitals,2.0,15.4,0.22479999999999997,1.06,62.64188407982707,59.09611705644063,Low value (bottom 20%)
330199,METROPOLITAN HOSPITAL CENTER,NY,Northeast,Government - Local,Acute Care Hospitals,2.0,15.1,0.0145,1.1,65.0148293369527,59.10439030632063,Low value (bottom 20%)
260193,ST MARY'S MEDICAL CENTER,MO,Midwest,Proprietary,Acute Care Hospitals,2.0,17.0,0.0,0.96,56.75438596491228,59.119152046783626,Low value (bottom 20%)
220049,UMASS MEMORIAL HEALTHCARE-MARLBOROUGH HOSPITAL,MA,Northeast,Voluntary non-profit - Private,Acute Care Hospitals,2.0,16.3,0.49266666666666664,0.97,57.347978350843675,59.121627165818225,Low value (bottom 20%)
510022,CHARLESTON AREA MEDICAL CENTER,WV,South,Voluntary non-profit - Private,Acute Care Hospitals,3.0,16.7,0.9993333333333334,1.01,59.713299485581196,59.122078698595246,Low value (bottom 20%)
410004,ROGER WILLIAMS MEDICAL CENTER,RI,Northeast,Proprietary,Acute Care Hospitals,2.0,15.7,0.4242,1.02,60.323731966018194,59.1409136921747,Low value (bottom 20%)
100287,GOOD SAMARITAN MEDICAL CENTER,FL,South,Proprietary,Acute Care Hospitals,2.0,15.8,0.572,1.0,59.142160558990604,59.142160558990604,Low value (bottom 20%)
450883,BAYLOR MEDICAL CENTER AT TROPHY CLUB,TX,South,Proprietary,Acute Care Hospitals,3.0,14.6,,1.03,60.921052631578945,59.14665304036791,Low value (bottom 20%)
290045,SAINT ROSE DOMINICAN HOSPITALS - SIENA CAMPUS,NV,West,Voluntary non-profit - Private,Acute Care Hospitals,3.0,15.2,0.4138,1.17,69.23566078520082,59.175778448889595,Low value (bottom 20%)
330235,AUBURN  COMMUNITY  HOSPITAL,NY,Northeast,Voluntary non-profit - Private,Acute Care Hospitals,1.0,15.6,0.0,0.95,56.228070175438596,59.18744228993537,Low value (bottom 20%)
140059,JERSEY COMMUNITY HOSPITAL,IL,Midwest,Government - Local,Acute Care Hospitals,,14.8,,1.0,59.21052631578946,59.21052631578946,Low value (bottom 20%)
670005,MEMORIAL HERMANN SURGICAL HOSPITAL KINGWOOD,TX,South,Proprietary,Acute Care Hospitals,,14.8,,1.0,59.21052631578946,59.21052631578946,Low value (bottom 20%)
450133,MIDLAND MEMORIAL HOSPITAL,TX,South,Government - Hospital District or Authority,Acute Care Hospitals,3.0,14.9,0.9030000000000001,1.15,68.09229377167848,59.210690236242165,Low value (bottom 20%)
140276,LOYOLA UNIVERSITY MEDICAL CENTER,IL,Midwest,Voluntary non-profit - Private,Acute Care Hospitals,2.0,16.0,0.6188333333333333,0.98,58.02954137971481,59.213817734402866,Low value (bottom 20%)
420048,KERSHAWHEALTH,SC,South,Proprietary,Acute Care Hospitals,2.0,14.6,0.424,1.1,65.14929874830342,59.22663522573038,Low value (bottom 20%)
450451,GLEN ROSE MEDICAL CENTER,TX,South,Government - Hospital District or Authority,Acute Care Hospitals,,14.7,,1.02,60.52631578947369,59.339525283797734,Low value (bottom 20%)
420002,PIEDMONT MEDICAL CENTER,SC,South,Proprietary,Acute Care Hospitals,1.0,14.0,0.41179999999999994,1.03,61.175539134368876,59.393727314921236,Low value (bottom 20%)
180116,JACKSON PURCHASE MEDICAL CENTER,KY,South,Government - Hospital District or Authority,Acute Care Hospitals,3.0,15.3,1.5715000000000001,1.06,62.9774292464686,59.41266910044207,Low value (bottom 20%)
360276,HMHP ST ELIZABETH BOARDMAN HEALTH CENTER,OH,Midwest,Voluntary non-profit - Church,Acute Care Hospitals,3.0,16.6,1.0222000000000002,1.01,60.036947670034685,59.442522445578895,Low value (bottom 20%)
460003,HOLY CROSS HOSPITAL - SALT LAKE,UT,West,Proprietary,Acute Care Hospitals,2.0,14.5,0.695,1.08,64.22560699743629,59.46815462725582,Low value (bottom 20%)
670047,THE HOSPITALS OF PROVIDENCE - EAST CAMPUS,TX,South,Proprietary,Acute Care Hospitals,2.0,15.1,0.8805999999999999,1.02,60.66103654551853,59.471604456390715,Low value (bottom 20%)
390270,GEISINGER WYOMING VALLEY MEDICAL CENTER,PA,Northeast,Voluntary non-profit - Private,Acute Care Hospitals,2.0,15.6,0.6784,1.0,59.4844920323732,59.4844920323732,Low value (bottom 20%)
100291,ORLANDO HEALTH MELBOURNE HOSPITAL,FL,South,Voluntary non-profit - Private,Acute Care Hospitals,2.0,15.7,0.109,1.04,61.90820891770975,59.52712395933629,Low value (bottom 20%)
260113,MISSOURI DELTA MEDICAL CENTER,MO,Midwest,Voluntary non-profit - Private,Acute Care Hospitals,2.0,15.3,0.9275,1.0,59.548082239983906,59.548082239983906,Low value (bottom 20%)
100259,HCA FLORIDA SOUTH SHORE HOSPITAL,FL,South,Proprietary,Acute Care Hospitals,2.0,15.9,0.638,0.98,58.3717890715327,59.56305007299255,Low value (bottom 20%)
440003,HIGHPOINT HEALTH-SUMNER WITH ASCENSION SAINT THOMA,TN,South,Proprietary,Acute Care Hospitals,2.0,15.9,0.2818,1.01,60.16236867239733,59.56670165583894,Low value (bottom 20%)
390204,NAZARETH HOSPITAL,PA,Northeast,Voluntary non-profit - Private,Acute Care Hospitals,2.0,14.5,0.9104999999999999,1.06,63.142311365807075,59.56821826962931,Low value (bottom 20%)
520097,ST MARYS HOSPITAL MEDICAL CTR,WI,Midwest,Voluntary non-profit - Other,Acute Care Hospitals,2.0,14.7,0.964,1.04,61.99617956064949,59.61171111600912,Low value (bottom 20%)
100191,HCA FLORIDA TRINITY HOSPITAL,FL,South,Proprietary,Acute Care Hospitals,2.0,15.7,0.44300000000000006,1.01,60.22922636103152,59.63289738715992,Low value (bottom 20%)
340099,VIDANT ROANOKE CHOWAN HOSPITAL,NC,South,Voluntary non-profit - Private,Acute Care Hospitals,2.0,16.2,0.7155,0.95,56.66641532197255,59.64885823365532,Low value (bottom 20%)
390173,INDIANA REGIONAL MEDICAL CENTER,PA,Northeast,Voluntary non-profit - Private,Acute Care Hospitals,2.0,15.8,0.7046000000000001,0.98,58.475594430201575,59.668973908368955,Low value (bottom 20%)
100018,NAPLES COMMUNITY HOSPITAL,FL,South,Voluntary non-profit - Private,Acute Care Hospitals,2.0,15.0,0.9268333333333333,1.02,60.8672229762563,59.67374801593755,Low value (bottom 20%)
260095,CENTERPOINT MEDICAL CENTER,MO,Midwest,Proprietary,Acute Care Hospitals,2.0,15.3,0.3084,1.05,62.66023224249736,59.67641165952129,Low value (bottom 20%)
290047,SOUTHERN HILLS HOSPITAL AND MEDICAL CENTER,NV,West,Proprietary,Acute Care Hospitals,3.0,16.0,0.5476,1.09,65.05429045392852,59.682835278833494,Low value (bottom 20%)
450659,HCA HOUSTON HEALTHCARE MEDICAL CENTER,TX,South,Proprietary,Acute Care Hospitals,2.0,14.9,1.0115,1.02,60.8802091187855,59.68647952822108,Low value (bottom 20%)
160013,TRINITY MUSCATINE,IA,Midwest,Voluntary non-profit - Private,Acute Care Hospitals,2.0,13.9,,0.93,55.52631578947368,59.70571590265987,Low value (bottom 20%)
340068,COLUMBUS REGIONAL HEALTHCARE SYSTEM,NC,South,Voluntary non-profit - Other,Acute Care Hospitals,2.0,14.5,1.4712,1.01,60.323731966018194,59.72646729308732,Low value (bottom 20%)
340028,CAPE FEAR VALLEY MEDICAL CENTER,NC,South,Voluntary non-profit - Private,Acute Care Hospitals,2.0,15.4,1.0406666666666664,0.98,58.540608924412275,59.73531522899212,Low value (bottom 20%)
220033,NORTHEAST HOSPITAL CORPORATION,MA,Northeast,Voluntary non-profit - Private,Acute Care Hospitals,2.0,15.8,0.6866,0.98,58.56607852008244,59.76130461232902,Low value (bottom 20%)
140080,SAINT FRANCIS HOSPITAL-EVANSTON,IL,Midwest,Voluntary non-profit - Church,Acute Care Hospitals,3.0,15.9,0.7344999999999999,1.08,64.5533604785603,59.77163007274101,Low value (bottom 20%)
100019,HOLMES REGIONAL MEDICAL CENTER,FL,South,Voluntary non-profit - Private,Acute Care Hospitals,2.0,14.8,0.3621666666666667,1.08,64.58293537090098,59.79901423231572,Low value (bottom 20%)
330202,KINGS COUNTY HOSPITAL CENTER,NY,Northeast,Government - Local,Acute Care Hospitals,2.0,14.9,0.9872,1.02,61.002362640124666,59.80623788247516,Low value (bottom 20%)
500037,ASTRIA TOPPENISH HOSPITAL,WA,West,Voluntary non-profit - Private,Acute Care Hospitals,,14.8,,0.99,59.21052631578946,59.808612440191375,Low value (bottom 20%)
490067,BON SECOURS SOUTHSIDE MEDICAL CENTER,VA,South,Proprietary,Acute Care Hospitals,3.0,15.8,0.4548,1.11,66.39797918865933,59.81799926906246,Low value (bottom 20%)
450653,SCENIC MOUNTAIN MEDICAL CENTER,TX,South,Proprietary,Acute Care Hospitals,,15.1,0.695,1.21,72.39104207510181,59.82730750008414,Low value (bottom 20%)
310022,WEST JERSEY HOSPITAL,NJ,Northeast,Voluntary non-profit - Private,Acute Care Hospitals,3.0,16.8,0.5249999999999999,1.03,61.65912632584326,59.86322944256627,Low value (bottom 20%)
450634,MEDICAL CITY DENTON,TX,South,Proprietary,Acute Care Hospitals,2.0,15.5,0.1902,1.04,62.377218116925555,59.97809434319765,Low value (bottom 20%)
440049,METHODIST HOSPITALS OF MEMPHIS,TN,South,Voluntary non-profit - Church,Acute Care Hospitals,2.0,15.3,0.47750000000000004,1.03,61.81018448700547,60.00988785146162,Low value (bottom 20%)
450565,PALO PINTO GENERAL HOSPITAL,TX,South,Government - Hospital District or Authority,Acute Care Hospitals,3.0,15.1,,0.96,57.631578947368425,60.03289473684211,Low value (bottom 20%)
190133,ALLEN PARISH HOSPITAL,LA,South,Government - Hospital District or Authority,Acute Care Hospitals,,14.6,,1.03,61.8421052631579,60.0408788962698,Low value (bottom 20%)
450347,HUNTSVILLE MEMORIAL HOSPITAL,TX,South,Voluntary non-profit - Private,Acute Care Hospitals,3.0,15.4,0.5156666666666666,1.13,67.84639487927076,60.041057415283866,Low value (bottom 20%)
100157,LAKELAND REGIONAL MEDICAL CENTER,FL,South,Voluntary non-profit - Private,Acute Care Hospitals,3.0,16.7,0.9338333333333333,1.0,60.04256103486989,60.04256103486989,Low value (bottom 20%)
310115,AHS HOSPITAL CORP,NJ,Northeast,Voluntary non-profit - Private,Acute Care Hospitals,2.0,15.0,0.0,1.09,65.52631578947368,60.1158860453887,Low value (bottom 20%)
450369,CHILDRESS REGIONAL MEDICAL CENTER,TX,South,Government - Hospital District or Authority,Acute Care Hospitals,,14.5,,1.05,63.1578947368421,60.15037593984962,Low value (bottom 20%)
300029,PORTSMOUTH REGIONAL HOSPITAL,NH,Northeast,Proprietary,Acute Care Hospitals,2.0,15.4,0.4748,1.02,61.385160609259536,60.181530009077974,Low value (bottom 20%)
100038,MEMORIAL REGIONAL HOSPITAL,FL,South,Government - Hospital District or Authority,Acute Care Hospitals,3.0,16.6,0.5128333333333334,1.04,62.59747985053368,60.189884471667,Low value (bottom 20%)
180149,TJ HEALTH COLUMBIA,KY,South,Government - Hospital District or Authority,Acute Care Hospitals,,15.0,,0.94,56.57894736842105,60.19036954087346,Low value (bottom 20%)
140252,NORTHWEST COMMUNITY HOSPITAL 1,IL,Midwest,Voluntary non-profit - Private,Acute Care Hospitals,2.0,15.7,0.446,1.0,60.21414567938471,60.21414567938471,Low value (bottom 20%)
100212,MARION COMMUNTIY HOSPITAL,FL,South,Proprietary,Acute Care Hospitals,3.0,17.0,0.2764,1.03,62.03161916251948,60.22487297331988,Low value (bottom 20%)
140048,ADVOCATE TRINITY HOSPITAL,IL,Midwest,Voluntary non-profit - Church,Acute Care Hospitals,2.0,16.0,0.8962000000000001,0.94,56.63524857990248,60.25026444670477,Low value (bottom 20%)
420080,NOVANT HEALTH HILTON HEAD MEDICAL CENTER,SC,South,Voluntary non-profit - Other,Acute Care Hospitals,2.0,15.4,0.4595,1.02,61.46207208565827,60.25693341731203,Low value (bottom 20%)
390267,FORBES HOSPITAL,PA,Northeast,Voluntary non-profit - Private,Acute Care Hospitals,3.0,16.5,0.7032,1.03,62.07912330970694,60.27099350456984,Low value (bottom 20%)
360098,LAKE HEALTH,OH,Midwest,Voluntary non-profit - Private,Acute Care Hospitals,3.0,16.5,0.9386666666666666,1.01,60.89545736356172,60.292532043130414,Low value (bottom 20%)
440032,HAWKINS COUNTY MEMORIAL HOSPITAL,TN,South,Voluntary non-profit - Private,Acute Care Hospitals,,14.9,,0.96,57.89473684210525,60.307017543859644,Low value (bottom 20%)
100232,HCA FLORIDA PUTNAM HOSPITAL,FL,South,Proprietary,Acute Care Hospitals,2.0,16.1,0.07333333333333333,1.0,60.33311550126509,60.33311550126509,Low value (bottom 20%)
150044,BAPTIST HEALTH FLOYD,IN,Midwest,Voluntary non-profit - Private,Acute Care Hospitals,3.0,15.0,0.7968,1.13,68.1875534107475,60.34296762013054,Low value (bottom 20%)
190312,OUR LADY OF THE ANGELS HOSPITAL,LA,South,Voluntary non-profit - Private,Acute Care Hospitals,4.0,15.6,0.512,1.22,73.65430050771629,60.372377465341216,Low value (bottom 20%)
190088,SPRINGHILL MEDICAL CENTER,LA,South,Voluntary non-profit - Private,Acute Care Hospitals,,14.8,,0.98,59.21052631578946,60.4189044038668,Low value (bottom 20%)
320084,ROOSEVELT GENERAL HOSPITAL,NM,West,Government - Hospital District or Authority,Acute Care Hospitals,,14.8,,0.98,59.21052631578946,60.4189044038668,Low value (bottom 20%)
450833,ENNIS REGIONAL MEDICAL CENTER,TX,South,Proprietary,Acute Care Hospitals,,14.8,,0.98,59.21052631578946,60.4189044038668,Low value (bottom 20%)
450147,DE TAR HOSPITAL NAVARRO,TX,South,Proprietary,Acute Care Hospitals,3.0,14.5,0.8526,1.16,70.10003518825717,60.43106481746308,Low value (bottom 20%)
150042,GOOD SAMARITAN HOSPITAL,IN,Midwest,Voluntary non-profit - Other,Acute Care Hospitals,3.0,14.2,1.108,1.16,70.13195596440958,60.4585827279393,Low value (bottom 20%)
110107,ATRIUM HEALTH NAVICENT THE MEDICAL CENTER,GA,South,Government - Hospital District or Authority,Acute Care Hospitals,2.0,15.0,0.8786666666666666,1.01,61.10935169825231,60.504308612131,Low value (bottom 20%)
220036,BOSTON MEDICAL CENTER-BRIGHTON,MA,Northeast,Proprietary,Acute Care Hospitals,3.0,16.4,0.3792,1.06,64.14643341879054,60.51550322527409,Low value (bottom 20%)
440018,SYCAMORE SHOALS HOSPITAL,TN,South,Voluntary non-profit - Private,Acute Care Hospitals,3.0,15.0,1.118,1.1,66.57291509576233,60.520831905238474,Low value (bottom 20%)
140053,ST JOHNS HOSPITAL,IL,Midwest,Voluntary non-profit - Church,Acute Care Hospitals,2.0,14.9,0.48,1.05,63.552003217212075,60.52571734972578,Low value (bottom 20%)
450668,SIERRA MEDICAL CENTER,TX,South,Proprietary,Acute Care Hospitals,2.0,14.7,0.5198,1.06,64.22912582315388,60.593514927503655,Low value (bottom 20%)
320018,MEMORIAL MEDICAL CENTER,NM,West,Proprietary,Acute Care Hospitals,2.0,15.4,0.2678,1.03,62.425727642889456,60.60750256591209,Low value (bottom 20%)
290054,CENTENNIAL HILLS HOSPITAL MEDICAL CENTER,NV,West,Proprietary,Acute Care Hospitals,2.0,14.6,0.34,1.08,65.57155783441412,60.71440540223529,Low value (bottom 20%)
190014,OCHSNER ST MARY,LA,South,Voluntary non-profit - Private,Acute Care Hospitals,3.0,15.4,0.0,1.16,70.43859649122807,60.72292800967937,Low value (bottom 20%)
260119,POPLAR BLUFF REGIONAL MEDICAL CENTER,MO,Midwest,Proprietary,Acute Care Hospitals,2.0,15.8,0.2574,1.0,60.723621374352795,60.723621374352795,Low value (bottom 20%)
190019,CHRISTUS ST FRANCES CABRINI HOSPITAL,LA,South,Voluntary non-profit - Private,Acute Care Hospitals,3.0,16.4,0.33166666666666667,1.06,64.38537844132777,60.740923057856385,Low value (bottom 20%)
450024,UNIVERSITY MEDICAL CENTER OF EL PASO,TX,South,Physician,Acute Care Hospitals,3.0,15.4,0.4744,1.12,68.05383803347911,60.762355387034916,Low value (bottom 20%)
230269,"BEAUMONT HOSPITAL, TROY",MI,Midwest,Voluntary non-profit - Private,Acute Care Hospitals,2.0,15.2,0.8868333333333335,0.99,60.19110574909098,60.799096716253516,Low value (bottom 20%)
450827,KELL WEST REGIONAL HOSPITAL,TX,South,Proprietary,Acute Care Hospitals,,14.4,,1.06,64.4736842105263,60.82423038728896,Low value (bottom 20%)
360159,ADENA REGIONAL MEDICAL CENTER,OH,Midwest,Voluntary non-profit - Private,Acute Care Hospitals,2.0,14.7,1.0751666666666668,1.01,61.437356524070445,60.82906586541628,Low value (bottom 20%)
290041,SUMMERLIN HOSPITAL MEDICAL CENTER,NV,West,Proprietary,Acute Care Hospitals,3.0,16.0,0.1745,1.1,66.9298245614035,60.84529505582137,Low value (bottom 20%)
490045,NOVANT PRINCE WILLIAM MEDICAL CENTER,VA,South,Voluntary non-profit - Private,Acute Care Hospitals,2.0,15.1,0.3594,1.04,63.28105363695772,60.847166958613194,Low value (bottom 20%)
110028,PIEDMONT AUGUSTA HOSPITAL,GA,South,Government - Hospital District or Authority,Acute Care Hospitals,2.0,15.0,0.6845,1.02,62.08540692705977,60.86804600692135,Low value (bottom 20%)
260214,BELTON REGIONAL MEDICAL CENTER,MO,Midwest,Voluntary non-profit - Private,Acute Care Hospitals,2.0,16.2,0.0,0.99,60.26315789473684,60.87187666135035,Low value (bottom 20%)
330013,ALBANY MEDICAL CENTER HOSPITAL,NY,Northeast,Voluntary non-profit - Private,Acute Care Hospitals,2.0,15.3,0.6543333333333333,1.0,60.921262085490696,60.921262085490696,Low value (bottom 20%)
230254,ASCENSION PROVIDENCE ROCHESTER HOSPITAL,MI,Midwest,Voluntary non-profit - Private,Acute Care Hospitals,2.0,15.2,0.7346,1.0,60.9563665611019,60.9563665611019,Low value (bottom 20%)
310076,COOPERMAN BARNABAS MEDICAL CENTER,NJ,Northeast,Voluntary non-profit - Private,Acute Care Hospitals,3.0,15.9,0.8435,1.05,64.00542904539286,60.95755147180272,Low value (bottom 20%)
100049,HCA FLORIDA HIGHLANDS HOSPITAL,FL,South,Proprietary,Acute Care Hospitals,2.0,15.9,0.0,1.01,61.57894736842105,60.96925482021886,Low value (bottom 20%)
150089,INDIANA UNIVERSITY HEALTH BALL MEMORIAL HOSPITAL,IN,Midwest,Voluntary non-profit - Private,Acute Care Hospitals,2.0,15.2,0.599,1.01,61.63801337153773,61.02773601142349,Low value (bottom 20%)
360175,CLINTON MEMORIAL HOSPITAL,OH,Midwest,Government - Local,Acute Care Hospitals,2.0,15.0,0.161,1.06,64.71698587442819,61.05376025889451,Low value (bottom 20%)
330080,LINCOLN MEDICAL & MENTAL HEALTH CENTER,NY,Northeast,Government - Local,Acute Care Hospitals,2.0,15.1,0.6796,1.01,61.671442215854825,61.06083387708399,Low value (bottom 20%)
150035,NORTHWEST HEALTH - PORTER,IN,Midwest,Proprietary,Acute Care Hospitals,2.0,14.9,0.3646,1.05,64.13210677122606,61.0781969249772,Low value (bottom 20%)
450669,MEDICAL CITY LEWISVILLE,TX,South,Voluntary non-profit - Private,Acute Care Hospitals,3.0,15.4,0.645,1.1,67.19624993716383,61.0874999428762,Low value (bottom 20%)
440072,DYERSBURG REGIONAL MEDICAL CENTER,TN,South,Proprietary,Acute Care Hospitals,3.0,15.2,0.4525,1.13,69.04111999195698,61.098336276068125,Low value (bottom 20%)
420085,GRAND STRAND REGIONAL MEDICAL CENTER,SC,South,Proprietary,Acute Care Hospitals,2.0,15.8,0.6628,0.96,58.68571859448048,61.1309568692505,Low value (bottom 20%)
310038,ROBERT WOOD JOHNSON UNIVERSITY HOSPITAL,NJ,Northeast,Voluntary non-profit - Private,Acute Care Hospitals,3.0,15.5,0.9126666666666666,1.07,65.41212151678145,61.1328238474593,Low value (bottom 20%)
330221,WYCKOFF HEIGHTS MEDICAL CENTER,NY,Northeast,Voluntary non-profit - Private,Acute Care Hospitals,2.0,15.1,0.543,1.02,62.35811592017293,61.13540776487542,Low value (bottom 20%)
450211,CHI ST LUKES HEALTH MEMORIAL LUFKIN,TX,South,Voluntary non-profit - Private,Acute Care Hospitals,3.0,16.0,0.8390000000000001,1.04,63.589453576635,61.143705362149035,Low value (bottom 20%)
